sample_num,name,unity_note,fine_tune,sample_rate,total_samples,total_length_sec,has_loop,loop_start,loop_start_sec,loop_length,loop_length_sec,loop_end,loop_end_sec
1,Unknown,36,-4,22050,0,0.0,True,11989,0.5437,1682,0.0763,13671,0.62
2,Unknown,41,-1,22050,0,0.0,True,10830,0.4912,2272,0.103,13102,0.5942
3,Unknown,48,0,22050,0,0.0,True,9313,0.4224,1854,0.0841,11167,0.5064
4,Unknown,56,0,22050,0,0.0,True,8309,0.3768,1487,0.0674,9796,0.4443
5,Unknown,64,1,22050,0,0.0,True,9176,0.4161,1339,0.0607,10515,0.4769
6,Unknown,73,1,22050,0,0.0,True,6194,0.2809,1393,0.0632,7587,0.3441
7,Unknown,78,-1,22050,0,0.0,True,6447,0.2924,1221,0.0554,7668,0.3478
8,Unknown,84,-2,22050,0,0.0,True,5976,0.271,1368,0.062,7344,0.3331
9,Unknown,92,1,22050,0,0.0,True,5392,0.2445,1049,0.0476,6441,0.2921
10,Unknown,103,3,22050,0,0.0,True,4686,0.2125,155,0.007,4841,0.2195
11,Piano 1     ,36,-4,22050,0,0.0,True,11989,0.5437,1682,0.0763,13671,0.62
12,Piano 1     ,41,-1,22050,0,0.0,True,10830,0.4912,2272,0.103,13102,0.5942
13,Unknown,48,0,22050,0,0.0,True,9313,0.4224,1854,0.0841,11167,0.5064
14,Unknown,56,0,22050,0,0.0,True,8309,0.3768,1487,0.0674,9796,0.4443
15,Unknown,64,1,22050,0,0.0,True,9176,0.4161,1339,0.0607,10515,0.4769
16,Unknown,73,1,22050,0,0.0,True,6194,0.2809,1393,0.0632,7587,0.3441
17,Unknown,78,-1,22050,0,0.0,True,6447,0.2924,1221,0.0554,7668,0.3478
18,Unknown,84,-2,22050,0,0.0,True,5976,0.271,1368,0.062,7344,0.3331
19,Unknown,92,1,22050,0,0.0,True,5392,0.2445,1049,0.0476,6441,0.2921
20,Unknown,103,3,22050,0,0.0,True,4686,0.2125,155,0.007,4841,0.2195
21,Piano 1     ,36,-4,22050,0,0.0,True,11989,0.5437,1682,0.0763,13671,0.62
22,Piano 1     ,41,-1,22050,0,0.0,True,10830,0.4912,2272,0.103,13102,0.5942
23,Unknown,48,0,22050,0,0.0,True,9313,0.4224,1854,0.0841,11167,0.5064
24,Unknown,56,0,22050,0,0.0,True,8309,0.3768,1487,0.0674,9796,0.4443
25,Unknown,64,1,22050,0,0.0,True,9176,0.4161,1339,0.0607,10515,0.4769
26,Unknown,73,1,22050,0,0.0,True,6194,0.2809,1393,0.0632,7587,0.3441
27,Unknown,78,-1,22050,0,0.0,True,6447,0.2924,1221,0.0554,7668,0.3478
28,Unknown,84,-2,22050,0,0.0,True,5976,0.271,1368,0.062,7344,0.3331
29,Unknown,92,1,22050,0,0.0,True,5392,0.2445,1049,0.0476,6441,0.2921
30,Unknown,103,3,22050,0,0.0,True,4686,0.2125,155,0.007,4841,0.2195
31,Piano 1d    ,36,-4,22050,0,0.0,True,11989,0.5437,1682,0.0763,13671,0.62
32,Piano 1d    ,41,-1,22050,0,0.0,True,10830,0.4912,2272,0.103,13102,0.5942
33,Unknown,48,0,22050,0,0.0,True,9313,0.4224,1854,0.0841,11167,0.5064
34,Unknown,56,0,22050,0,0.0,True,8309,0.3768,1487,0.0674,9796,0.4443
35,Unknown,64,1,22050,0,0.0,True,9176,0.4161,1339,0.0607,10515,0.4769
36,Unknown,73,1,22050,0,0.0,True,6194,0.2809,1393,0.0632,7587,0.3441
37,Unknown,78,-1,22050,0,0.0,True,6447,0.2924,1221,0.0554,7668,0.3478
38,Unknown,84,-2,22050,0,0.0,True,5976,0.271,1368,0.062,7344,0.3331
39,Unknown,92,1,22050,0,0.0,True,5392,0.2445,1049,0.0476,6441,0.2921
40,Unknown,103,3,22050,0,0.0,True,4686,0.2125,155,0.007,4841,0.2195
41,Piano 2     ,36,-4,22050,0,0.0,True,11989,0.5437,1682,0.0763,13671,0.62
42,Piano 2     ,41,-1,22050,0,0.0,True,10830,0.4912,2272,0.103,13102,0.5942
43,Unknown,48,0,22050,0,0.0,True,9313,0.4224,1854,0.0841,11167,0.5064
44,Unknown,56,0,22050,0,0.0,True,8309,0.3768,1487,0.0674,9796,0.4443
45,Unknown,64,1,22050,0,0.0,True,9176,0.4161,1339,0.0607,10515,0.4769
46,Unknown,73,1,22050,0,0.0,True,6194,0.2809,1393,0.0632,7587,0.3441
47,Unknown,78,-1,22050,0,0.0,True,6447,0.2924,1221,0.0554,7668,0.3478
48,Unknown,84,-2,22050,0,0.0,True,5976,0.271,1368,0.062,7344,0.3331
49,Unknown,92,1,22050,0,0.0,True,5392,0.2445,1049,0.0476,6441,0.2921
50,Unknown,103,3,22050,0,0.0,True,4686,0.2125,155,0.007,4841,0.2195
51,Piano 2     ,36,-4,22050,0,0.0,True,11989,0.5437,1682,0.0763,13671,0.62
52,Piano 2     ,41,-1,22050,0,0.0,True,10830,0.4912,2272,0.103,13102,0.5942
53,Unknown,48,0,22050,0,0.0,True,9313,0.4224,1854,0.0841,11167,0.5064
54,Unknown,56,0,22050,0,0.0,True,8309,0.3768,1487,0.0674,9796,0.4443
55,Unknown,64,1,22050,0,0.0,True,9176,0.4161,1339,0.0607,10515,0.4769
56,Unknown,73,1,22050,0,0.0,True,6194,0.2809,1393,0.0632,7587,0.3441
57,Unknown,78,-1,22050,0,0.0,True,6447,0.2924,1221,0.0554,7668,0.3478
58,Unknown,84,-2,22050,0,0.0,True,5976,0.271,1368,0.062,7344,0.3331
59,Unknown,92,1,22050,0,0.0,True,5392,0.2445,1049,0.0476,6441,0.2921
60,Unknown,103,3,22050,0,0.0,True,4686,0.2125,155,0.007,4841,0.2195
61,Piano 3     ,36,-4,22050,0,0.0,True,11989,0.5437,1682,0.0763,13671,0.62
62,Piano 3     ,41,-1,22050,0,0.0,True,10830,0.4912,2272,0.103,13102,0.5942
63,Unknown,48,0,22050,0,0.0,True,9313,0.4224,1854,0.0841,11167,0.5064
64,Unknown,56,0,22050,0,0.0,True,8309,0.3768,1487,0.0674,9796,0.4443
65,Unknown,64,1,22050,0,0.0,True,9176,0.4161,1339,0.0607,10515,0.4769
66,Unknown,73,1,22050,0,0.0,True,6194,0.2809,1393,0.0632,7587,0.3441
67,Unknown,78,-1,22050,0,0.0,True,6447,0.2924,1221,0.0554,7668,0.3478
68,Unknown,84,-2,22050,0,0.0,True,5976,0.271,1368,0.062,7344,0.3331
69,Unknown,92,1,22050,0,0.0,True,5392,0.2445,1049,0.0476,6441,0.2921
70,Unknown,103,3,22050,0,0.0,True,4686,0.2125,155,0.007,4841,0.2195
71,Piano 3     ,42,-10,22050,0,0.0,True,5284,0.2396,711,0.0322,5995,0.2719
72,Piano 3     ,62,-10,22050,0,0.0,True,2699,0.1224,224,0.0102,2923,0.1326
73,Unknown,71,-6,22050,0,0.0,True,2848,0.1292,89,0.004,2937,0.1332
74,Unknown,84,-6,22050,0,0.0,True,2585,0.1172,21,0.001,2606,0.1182
75,Unknown,96,7,22050,0,0.0,True,1802,0.0817,201,0.0091,2003,0.0908
76,Honky-tonk  ,42,-10,22050,0,0.0,True,5284,0.2396,711,0.0322,5995,0.2719
77,Honky-tonk  ,62,-10,22050,0,0.0,True,2699,0.1224,224,0.0102,2923,0.1326
78,Unknown,71,-6,22050,0,0.0,True,2848,0.1292,89,0.004,2937,0.1332
79,Unknown,84,-6,22050,0,0.0,True,2585,0.1172,21,0.001,2606,0.1182
80,Unknown,96,7,22050,0,0.0,True,1802,0.0817,201,0.0091,2003,0.0908
81,Honky-tonk  ,49,10,22050,0,0.0,True,800,0.0363,160,0.0073,960,0.0435
82,Honky-tonk  ,56,13,22050,0,0.0,True,731,0.0332,107,0.0049,838,0.038
83,Unknown,67,-8,22050,0,0.0,True,361,0.0164,56,0.0025,417,0.0189
84,Unknown,80,-3,22050,0,0.0,True,442,0.02,53,0.0024,495,0.0224
85,Unknown,97,10,22050,0,0.0,True,104,0.0047,10,0.0005,114,0.0052
86,E.Piano 1   ,60,-8,22050,0,0.0,True,6178,0.2802,755,0.0342,6933,0.3144
87,E.Piano 1   ,60,-8,22050,0,0.0,True,6178,0.2802,755,0.0342,6933,0.3144
88,Unknown,84,-6,22050,0,0.0,True,2112,0.0958,105,0.0048,2217,0.1005
89,Unknown,84,-6,22050,0,0.0,True,2112,0.0958,105,0.0048,2217,0.1005
90,Detuned EP 1,49,10,22050,0,0.0,True,800,0.0363,160,0.0073,960,0.0435
91,Detuned EP 1,56,13,22050,0,0.0,True,731,0.0332,107,0.0049,838,0.038
92,Unknown,67,-8,22050,0,0.0,True,361,0.0164,56,0.0025,417,0.0189
93,Unknown,80,-3,22050,0,0.0,True,442,0.02,53,0.0024,495,0.0224
94,Unknown,97,10,22050,0,0.0,True,104,0.0047,10,0.0005,114,0.0052
95,E.Piano 1v  ,48,-6,22050,0,0.0,True,927,0.042,168,0.0076,1095,0.0497
96,E.Piano 1v  ,53,-4,22050,0,0.0,True,402,0.0182,252,0.0114,654,0.0297
97,Unknown,64,3,22050,0,0.0,True,909,0.0412,134,0.0061,1043,0.0473
98,Unknown,70,-11,22050,0,0.0,True,946,0.0429,94,0.0043,1040,0.0472
99,Unknown,83,1,22050,0,0.0,True,936,0.0424,67,0.003,1003,0.0455
100,Unknown,87,-5,22050,0,0.0,True,904,0.041,53,0.0024,957,0.0434
101,Unknown,93,-4,22050,0,0.0,True,695,0.0315,75,0.0034,770,0.0349
102,60's E.Piano,48,-6,22050,0,0.0,True,1835,0.0832,168,0.0076,2003,0.0908
103,60's E.Piano,56,-3,22050,0,0.0,True,1206,0.0547,106,0.0048,1312,0.0595
104,Unknown,64,3,22050,0,0.0,True,897,0.0407,67,0.003,964,0.0437
105,Unknown,72,-6,22050,0,0.0,True,501,0.0227,42,0.0019,543,0.0246
106,Unknown,80,-3,22050,0,0.0,True,351,0.0159,53,0.0024,404,0.0183
107,Unknown,88,-6,22050,0,0.0,True,303,0.0137,50,0.0023,353,0.016
108,Unknown,96,3,22050,0,0.0,True,190,0.0086,95,0.0043,285,0.0129
109,E.Piano 2   ,66,-6,22050,0,0.0,True,1365,0.0619,3682,0.167,5047,0.2289
110,E.Piano 2   ,78,-6,22050,0,0.0,True,1365,0.0619,3682,0.167,5047,0.2289
111,Unknown,78,-6,22050,0,0.0,True,1365,0.0619,3682,0.167,5047,0.2289
112,Unknown,78,-6,22050,0,0.0,True,1365,0.0619,3682,0.167,5047,0.2289
113,Detuned EP 2,48,-6,22050,0,0.0,True,1835,0.0832,168,0.0076,2003,0.0908
114,Detuned EP 2,56,-3,22050,0,0.0,True,1206,0.0547,106,0.0048,1312,0.0595
115,Unknown,64,3,22050,0,0.0,True,897,0.0407,67,0.003,964,0.0437
116,Unknown,72,-6,22050,0,0.0,True,501,0.0227,42,0.0019,543,0.0246
117,Unknown,80,-3,22050,0,0.0,True,351,0.0159,53,0.0024,404,0.0183
118,Unknown,88,-6,22050,0,0.0,True,303,0.0137,50,0.0023,353,0.016
119,Unknown,96,3,22050,0,0.0,True,190,0.0086,95,0.0043,285,0.0129
120,E.Piano 2v  ,48,0,22050,0,0.0,True,5506,0.2497,1180,0.0535,6686,0.3032
121,E.Piano 2v  ,60,-1,22050,0,0.0,True,4501,0.2041,674,0.0306,5175,0.2347
122,Unknown,72,-1,22050,0,0.0,True,3291,0.1493,716,0.0325,4007,0.1817
123,Unknown,87,0,22050,0,0.0,True,3169,0.1437,496,0.0225,3665,0.1662
124,Unknown,87,0,22050,0,0.0,True,3169,0.1437,496,0.0225,3665,0.1662
125,Harpsichord ,48,0,22050,0,0.0,True,5506,0.2497,1180,0.0535,6686,0.3032
126,Harpsichord ,60,-1,22050,0,0.0,True,4501,0.2041,674,0.0306,5175,0.2347
127,Unknown,72,-1,22050,0,0.0,True,3291,0.1493,716,0.0325,4007,0.1817
128,Unknown,87,0,22050,0,0.0,True,3169,0.1437,496,0.0225,3665,0.1662
129,Unknown,87,0,22050,0,0.0,True,3169,0.1437,496,0.0225,3665,0.1662
130,Coupled Hps.,48,0,22050,0,0.0,True,5506,0.2497,1180,0.0535,6686,0.3032
131,Coupled Hps.,60,-1,22050,0,0.0,True,4501,0.2041,674,0.0306,5175,0.2347
132,Unknown,72,-1,22050,0,0.0,True,3291,0.1493,716,0.0325,4007,0.1817
133,Unknown,87,0,22050,0,0.0,True,3169,0.1437,496,0.0225,3665,0.1662
134,Unknown,87,0,22050,0,0.0,True,3169,0.1437,496,0.0225,3665,0.1662
135,Harpsichord ,48,0,22050,0,0.0,True,5506,0.2497,1180,0.0535,6686,0.3032
136,Harpsichord ,60,-1,22050,0,0.0,True,4501,0.2041,674,0.0306,5175,0.2347
137,Unknown,72,-1,22050,0,0.0,True,3291,0.1493,716,0.0325,4007,0.1817
138,Unknown,87,0,22050,0,0.0,True,3169,0.1437,496,0.0225,3665,0.1662
139,Unknown,87,0,22050,0,0.0,True,3169,0.1437,496,0.0225,3665,0.1662
140,Harpsi.o    ,48,-6,22050,0,0.0,True,467,0.0212,168,0.0076,635,0.0288
141,Harpsi.o    ,60,-6,22050,0,0.0,True,290,0.0132,84,0.0038,374,0.017
142,Unknown,72,-6,22050,0,0.0,True,206,0.0093,42,0.0019,248,0.0112
143,Unknown,84,-6,22050,0,0.0,True,76,0.0034,21,0.001,97,0.0044
144,Unknown,103,-8,22050,0,0.0,True,212,0.0096,14,0.0006,226,0.0102
145,Clav.       ,65,-4,22050,0,0.0,True,292,0.0132,252,0.0114,544,0.0247
146,Clav.       ,77,-4,22050,0,0.0,True,292,0.0132,252,0.0114,544,0.0247
147,Unknown,101,-32,22050,0,0.0,True,81,0.0037,62,0.0028,143,0.0065
148,Unknown,90,12,22050,0,0.0,True,299,0.0136,15,0.0007,314,0.0142
149,Celesta     ,61,-19,22050,0,0.0,True,326,0.0148,118,0.0054,444,0.0201
150,Celesta     ,73,-19,22050,0,0.0,True,326,0.0148,118,0.0054,444,0.0201
151,Unknown,85,-19,22050,0,0.0,True,326,0.0148,118,0.0054,444,0.0201
152,Unknown,91,-8,22050,0,0.0,True,232,0.0105,84,0.0038,316,0.0143
153,Unknown,102,-27,22050,0,0.0,True,125,0.0057,44,0.002,169,0.0077
154,Glockenspiel,58,1,22050,0,0.0,True,583,0.0264,213,0.0097,796,0.0361
155,Glockenspiel,70,1,22050,0,0.0,True,583,0.0264,213,0.0097,796,0.0361
156,Unknown,82,1,22050,0,0.0,True,583,0.0264,213,0.0097,796,0.0361
157,Unknown,82,1,22050,0,0.0,True,583,0.0264,213,0.0097,796,0.0361
158,Unknown,101,-32,22050,0,0.0,True,81,0.0037,62,0.0028,143,0.0065
159,Unknown,90,12,22050,0,0.0,True,299,0.0136,15,0.0007,314,0.0142
160,Music Box   ,52,0,22050,0,0.0,True,5878,0.2666,669,0.0303,6547,0.2969
161,Music Box   ,64,3,22050,0,0.0,True,5704,0.2587,268,0.0122,5972,0.2708
162,Unknown,76,6,22050,0,0.0,True,3300,0.1497,235,0.0107,3535,0.1603
163,Unknown,88,14,22050,0,0.0,True,2264,0.1027,118,0.0054,2382,0.108
164,Unknown,100,14,22050,0,0.0,True,2428,0.1101,59,0.0027,2487,0.1128
165,Vibraphone  ,52,0,22050,0,0.0,True,5878,0.2666,669,0.0303,6547,0.2969
166,Vibraphone  ,64,3,22050,0,0.0,True,5704,0.2587,268,0.0122,5972,0.2708
167,Unknown,76,6,22050,0,0.0,True,3300,0.1497,235,0.0107,3535,0.1603
168,Unknown,88,14,22050,0,0.0,True,2264,0.1027,118,0.0054,2382,0.108
169,Unknown,100,14,22050,0,0.0,True,2428,0.1101,59,0.0027,2487,0.1128
170,Vibraphone  ,54,-6,22050,0,0.0,True,1317,0.0597,594,0.0269,1911,0.0867
171,Vibraphone  ,62,-25,22050,0,0.0,True,1528,0.0693,74,0.0034,1602,0.0727
172,Unknown,90,12,22050,0,0.0,True,299,0.0136,15,0.0007,314,0.0142
173,Marimba     ,54,-6,22050,0,0.0,True,1317,0.0597,594,0.0269,1911,0.0867
174,Marimba     ,62,-25,22050,0,0.0,True,1528,0.0693,74,0.0034,1602,0.0727
175,Unknown,90,12,22050,0,0.0,True,299,0.0136,15,0.0007,314,0.0142
176,Marimba     ,60,-20,22050,0,0.0,True,959,0.0435,125,0.0057,1084,0.0492
177,Marimba     ,72,-20,22050,0,0.0,True,959,0.0435,125,0.0057,1084,0.0492
178,Unknown,93,-39,22050,0,0.0,True,545,0.0247,49,0.0022,594,0.0269
179,Unknown,90,12,22050,0,0.0,True,299,0.0136,15,0.0007,314,0.0142
180,Xylophone   ,60,-5,22050,0,0.0,True,294,0.0133,872,0.0395,1166,0.0529
181,Xylophone   ,72,-5,22050,0,0.0,True,294,0.0133,872,0.0395,1166,0.0529
182,Unknown,84,-5,22050,0,0.0,True,294,0.0133,872,0.0395,1166,0.0529
183,Unknown,84,-5,22050,0,0.0,True,294,0.0133,872,0.0395,1166,0.0529
184,Unknown,84,-5,22050,0,0.0,True,294,0.0133,872,0.0395,1166,0.0529
185,Tubular-bell,60,-5,22050,0,0.0,True,294,0.0133,872,0.0395,1166,0.0529
186,Tubular-bell,72,-5,22050,0,0.0,True,294,0.0133,872,0.0395,1166,0.0529
187,Unknown,84,-5,22050,0,0.0,True,294,0.0133,872,0.0395,1166,0.0529
188,Unknown,84,-5,22050,0,0.0,True,294,0.0133,872,0.0395,1166,0.0529
189,Unknown,84,-5,22050,0,0.0,True,294,0.0133,872,0.0395,1166,0.0529
190,Church Bell ,60,-5,22050,0,0.0,True,294,0.0133,872,0.0395,1166,0.0529
191,Church Bell ,72,-5,22050,0,0.0,True,294,0.0133,872,0.0395,1166,0.0529
192,Unknown,84,-5,22050,0,0.0,True,294,0.0133,872,0.0395,1166,0.0529
193,Unknown,84,-5,22050,0,0.0,True,294,0.0133,872,0.0395,1166,0.0529
194,Unknown,84,-5,22050,0,0.0,True,294,0.0133,872,0.0395,1166,0.0529
195,Carillon    ,62,-13,22050,0,0.0,True,1112,0.0504,410,0.0186,1522,0.069
196,Carillon    ,74,-13,22050,0,0.0,True,1112,0.0504,410,0.0186,1522,0.069
197,Unknown,74,-13,22050,0,0.0,True,1112,0.0504,410,0.0186,1522,0.069
198,Unknown,103,-8,22050,0,0.0,True,212,0.0096,14,0.0006,226,0.0102
199,Santur      ,61,-12,22050,0,0.0,True,465,0.0211,79,0.0036,544,0.0247
200,Santur      ,73,-12,22050,0,0.0,True,465,0.0211,79,0.0036,544,0.0247
201,Unknown,85,10,22050,0,0.0,True,236,0.0107,40,0.0018,276,0.0125
202,Unknown,97,10,22050,0,0.0,True,124,0.0056,20,0.0009,144,0.0065
203,Organ 1     ,66,-2,22050,0,0.0,True,903,0.041,3766,0.1708,4669,0.2117
204,Organ 1     ,78,-2,22050,0,0.0,True,903,0.041,3766,0.1708,4669,0.2117
205,Unknown,90,-2,22050,0,0.0,True,903,0.041,3766,0.1708,4669,0.2117
206,Unknown,90,-2,22050,0,0.0,True,903,0.041,3766,0.1708,4669,0.2117
207,Detuned Or.1,67,-8,22050,0,0.0,True,187,0.0085,56,0.0025,243,0.011
208,Detuned Or.1,67,-8,22050,0,0.0,True,187,0.0085,56,0.0025,243,0.011
209,Unknown,91,-8,22050,0,0.0,True,86,0.0039,14,0.0006,100,0.0045
210,Unknown,97,10,22050,0,0.0,True,87,0.0039,10,0.0005,97,0.0044
211,Unknown,97,10,22050,0,0.0,True,87,0.0039,10,0.0005,97,0.0044
212,60's Organ 1,61,-12,22050,0,0.0,True,465,0.0211,79,0.0036,544,0.0247
213,60's Organ 1,73,-12,22050,0,0.0,True,465,0.0211,79,0.0036,544,0.0247
214,Unknown,85,10,22050,0,0.0,True,236,0.0107,40,0.0018,276,0.0125
215,Unknown,97,10,22050,0,0.0,True,124,0.0056,20,0.0009,144,0.0065
216,Organ 4     ,53,3,22050,0,0.0,True,3682,0.167,253,0.0115,3935,0.1785
217,Organ 4     ,68,13,22050,0,0.0,True,1663,0.0754,107,0.0049,1770,0.0803
218,Unknown,86,-2,22050,0,0.0,True,1340,0.0608,75,0.0034,1415,0.0642
219,Organ 2     ,53,3,22050,0,0.0,True,3682,0.167,253,0.0115,3935,0.1785
220,Organ 2     ,68,13,22050,0,0.0,True,1663,0.0754,107,0.0049,1770,0.0803
221,Unknown,86,-2,22050,0,0.0,True,1340,0.0608,75,0.0034,1415,0.0642
222,Unknown,86,-2,22050,0,0.0,True,1340,0.0608,75,0.0034,1415,0.0642
223,Detuned Or.2,61,-12,22050,0,0.0,True,465,0.0211,79,0.0036,544,0.0247
224,Detuned Or.2,73,-12,22050,0,0.0,True,465,0.0211,79,0.0036,544,0.0247
225,Unknown,85,10,22050,0,0.0,True,236,0.0107,40,0.0018,276,0.0125
226,Unknown,97,10,22050,0,0.0,True,124,0.0056,20,0.0009,144,0.0065
227,Organ 5     ,59,22,22050,0,0.0,True,1236,0.0561,2261,0.1025,3497,0.1586
228,Organ 5     ,71,22,22050,0,0.0,True,1236,0.0561,2261,0.1025,3497,0.1586
229,Unknown,83,-3,22050,0,0.0,True,1353,0.0614,2317,0.1051,3670,0.1664
230,Unknown,95,-3,22050,0,0.0,True,1260,0.0571,2184,0.099,3444,0.1562
231,Organ 3     ,46,-30,22050,0,0.0,True,1752,0.0795,372,0.0169,2124,0.0963
232,Organ 3     ,56,-28,22050,0,0.0,True,914,0.0415,627,0.0284,1541,0.0699
233,Unknown,66,-25,22050,0,0.0,True,593,0.0269,235,0.0107,828,0.0376
234,Unknown,78,-17,22050,0,0.0,True,1211,0.0549,59,0.0027,1270,0.0576
235,Unknown,90,-47,22050,0,0.0,True,764,0.0346,29,0.0013,793,0.036
236,Church Org.1,46,-30,22050,0,0.0,True,1752,0.0795,372,0.0169,2124,0.0963
237,Church Org.1,56,-28,22050,0,0.0,True,914,0.0415,627,0.0284,1541,0.0699
238,Unknown,66,-25,22050,0,0.0,True,593,0.0269,235,0.0107,828,0.0376
239,Unknown,78,-17,22050,0,0.0,True,1211,0.0549,59,0.0027,1270,0.0576
240,Unknown,90,-47,22050,0,0.0,True,764,0.0346,29,0.0013,793,0.036
241,Church Org.2,46,-30,22050,0,0.0,True,1752,0.0795,372,0.0169,2124,0.0963
242,Church Org.2,56,-28,22050,0,0.0,True,914,0.0415,627,0.0284,1541,0.0699
243,Unknown,66,-25,22050,0,0.0,True,593,0.0269,235,0.0107,828,0.0376
244,Unknown,78,-17,22050,0,0.0,True,1211,0.0549,59,0.0027,1270,0.0576
245,Unknown,90,-47,22050,0,0.0,True,764,0.0346,29,0.0013,793,0.036
246,Church Org.3,53,10,22050,0,0.0,True,41,0.0019,254,0.0115,295,0.0134
247,Church Org.3,53,10,22050,0,0.0,True,41,0.0019,254,0.0115,295,0.0134
248,Unknown,72,35,22050,0,0.0,True,12,0.0005,43,0.002,55,0.0025
249,Unknown,88,-6,22050,0,0.0,True,50,0.0023,50,0.0023,100,0.0045
250,Unknown,72,35,22050,0,0.0,True,12,0.0005,43,0.002,55,0.0025
251,Reed Organ  ,68,0,22050,0,0.0,True,2752,0.1248,1009,0.0458,3761,0.1706
252,Reed Organ  ,68,0,22050,0,0.0,True,2752,0.1248,1009,0.0458,3761,0.1706
253,Unknown,96,-6,22050,0,0.0,True,2075,0.0941,84,0.0038,2159,0.0979
254,Unknown,95,-25,22050,0,0.0,True,403,0.0183,11,0.0005,414,0.0188
255,Accordion Fr,68,0,22050,0,0.0,True,2752,0.1248,1009,0.0458,3761,0.1706
256,Accordion Fr,68,0,22050,0,0.0,True,2752,0.1248,1009,0.0458,3761,0.1706
257,Unknown,96,-6,22050,0,0.0,True,2075,0.0941,84,0.0038,2159,0.0979
258,Unknown,88,-6,22050,0,0.0,True,50,0.0023,50,0.0023,100,0.0045
259,Accordion It,56,-3,22050,0,0.0,True,2,0.0001,106,0.0048,108,0.0049
260,Accordion It,64,3,22050,0,0.0,True,1,0.0,67,0.003,68,0.0031
261,Unknown,72,-6,22050,0,0.0,True,3,0.0001,42,0.0019,45,0.002
262,Unknown,80,-3,22050,0,0.0,True,2,0.0001,53,0.0024,55,0.0025
263,Unknown,88,-6,22050,0,0.0,True,1,0.0,50,0.0023,51,0.0023
264,Unknown,96,-6,22050,0,0.0,True,1,0.0,21,0.001,22,0.001
265,Harmonica   ,64,3,22050,0,0.0,True,723,0.0328,67,0.003,790,0.0358
266,Harmonica   ,64,3,22050,0,0.0,True,723,0.0328,67,0.003,790,0.0358
267,Unknown,74,21,22050,0,0.0,True,512,0.0232,76,0.0034,588,0.0267
268,Unknown,88,-6,22050,0,0.0,True,50,0.0023,50,0.0023,100,0.0045
269,Unknown,72,35,22050,0,0.0,True,12,0.0005,43,0.002,55,0.0025
270,Bandoneon   ,48,-1,22050,0,0.0,True,3460,0.1569,1011,0.0459,4471,0.2028
271,Bandoneon   ,57,2,22050,0,0.0,True,3565,0.1617,602,0.0273,4167,0.189
272,Unknown,70,-1,22050,0,0.0,True,2820,0.1279,520,0.0236,3340,0.1515
273,Unknown,79,8,22050,0,0.0,True,2787,0.1264,113,0.0051,2900,0.1315
274,Unknown,88,8,22050,0,0.0,True,1727,0.0783,84,0.0038,1811,0.0821
275,Unknown,97,10,22050,0,0.0,True,1008,0.0457,80,0.0036,1088,0.0493
276,Unknown,101,0,22050,0,0.0,True,1843,0.0836,647,0.0293,2490,0.1129
277,Nylon-str.Gt,48,-1,22050,0,0.0,True,3460,0.1569,1011,0.0459,4471,0.2028
278,Nylon-str.Gt,57,2,22050,0,0.0,True,3565,0.1617,602,0.0273,4167,0.189
279,Unknown,70,-1,22050,0,0.0,True,2820,0.1279,520,0.0236,3340,0.1515
280,Unknown,79,8,22050,0,0.0,True,2787,0.1264,113,0.0051,2900,0.1315
281,Unknown,88,8,22050,0,0.0,True,1727,0.0783,84,0.0038,1811,0.0821
282,Unknown,97,10,22050,0,0.0,True,1008,0.0457,80,0.0036,1088,0.0493
283,Unknown,104,-36,22050,0,0.0,True,3308,0.15,13,0.0006,3321,0.1506
284,Ukulele     ,48,-1,22050,0,0.0,True,3460,0.1569,1011,0.0459,4471,0.2028
285,Ukulele     ,57,2,22050,0,0.0,True,3565,0.1617,602,0.0273,4167,0.189
286,Unknown,70,-1,22050,0,0.0,True,2820,0.1279,520,0.0236,3340,0.1515
287,Unknown,79,8,22050,0,0.0,True,2787,0.1264,113,0.0051,2900,0.1315
288,Unknown,88,8,22050,0,0.0,True,1727,0.0783,84,0.0038,1811,0.0821
289,Unknown,97,10,22050,0,0.0,True,1008,0.0457,80,0.0036,1088,0.0493
290,Unknown,101,0,22050,0,0.0,True,1843,0.0836,647,0.0293,2490,0.1129
291,Nylon Gt.o  ,48,-1,22050,0,0.0,True,3460,0.1569,1011,0.0459,4471,0.2028
292,Nylon Gt.o  ,57,2,22050,0,0.0,True,3565,0.1617,602,0.0273,4167,0.189
293,Unknown,70,-1,22050,0,0.0,True,2820,0.1279,520,0.0236,3340,0.1515
294,Unknown,79,8,22050,0,0.0,True,2787,0.1264,113,0.0051,2900,0.1315
295,Unknown,88,8,22050,0,0.0,True,1727,0.0783,84,0.0038,1811,0.0821
296,Unknown,97,10,22050,0,0.0,True,1008,0.0457,80,0.0036,1088,0.0493
297,Unknown,101,0,22050,0,0.0,True,1843,0.0836,647,0.0293,2490,0.1129
298,Nylon Gt.2  ,41,-4,22050,0,0.0,True,8352,0.3788,1008,0.0457,9360,0.4245
299,Nylon Gt.2  ,49,0,22050,0,0.0,True,4790,0.2172,1114,0.0505,5904,0.2678
300,Unknown,57,2,22050,0,0.0,True,4724,0.2142,301,0.0137,5025,0.2279
301,Unknown,65,3,22050,0,0.0,True,4886,0.2216,253,0.0115,5139,0.2331
302,Unknown,74,3,22050,0,0.0,True,3596,0.1631,188,0.0085,3784,0.1716
303,Unknown,84,3,22050,0,0.0,True,2763,0.1253,190,0.0086,2953,0.1339
304,Unknown,84,3,22050,0,0.0,True,2763,0.1253,190,0.0086,2953,0.1339
305,Steel-str.Gt,49,0,22050,0,0.0,True,4790,0.2172,1114,0.0505,5904,0.2678
306,Steel-str.Gt,55,2,22050,0,0.0,True,5448,0.2471,563,0.0255,6011,0.2726
307,Unknown,79,-1,22050,0,0.0,True,2337,0.106,787,0.0357,3124,0.1417
308,Unknown,89,-6,22050,0,0.0,True,1827,0.0829,582,0.0264,2409,0.1093
309,12-str.Gt   ,41,-4,22050,0,0.0,True,8352,0.3788,1008,0.0457,9360,0.4245
310,12-str.Gt   ,49,0,22050,0,0.0,True,4790,0.2172,1114,0.0505,5904,0.2678
311,Unknown,57,2,22050,0,0.0,True,4724,0.2142,301,0.0137,5025,0.2279
312,Unknown,65,3,22050,0,0.0,True,4886,0.2216,253,0.0115,5139,0.2331
313,Unknown,74,3,22050,0,0.0,True,3596,0.1631,188,0.0085,3784,0.1716
314,Unknown,84,3,22050,0,0.0,True,2763,0.1253,190,0.0086,2953,0.1339
315,Mandolin    ,50,0,22050,0,0.0,True,4982,0.2259,1502,0.0681,6484,0.2941
316,Mandolin    ,59,0,22050,0,0.0,True,4518,0.2049,1875,0.085,6393,0.2899
317,Unknown,68,-1,22050,0,0.0,True,4663,0.2115,796,0.0361,5459,0.2476
318,Unknown,74,1,22050,0,0.0,True,3895,0.1766,526,0.0239,4421,0.2005
319,Unknown,84,2,22050,0,0.0,True,4102,0.186,886,0.0402,4988,0.2262
320,Unknown,93,1,22050,0,0.0,True,2882,0.1307,677,0.0307,3559,0.1614
321,Unknown,101,0,22050,0,0.0,True,1843,0.0836,647,0.0293,2490,0.1129
322,Jazz Gt.    ,50,0,22050,0,0.0,True,4982,0.2259,1502,0.0681,6484,0.2941
323,Jazz Gt.    ,59,0,22050,0,0.0,True,4518,0.2049,1875,0.085,6393,0.2899
324,Unknown,68,-1,22050,0,0.0,True,4663,0.2115,796,0.0361,5459,0.2476
325,Unknown,74,1,22050,0,0.0,True,3895,0.1766,526,0.0239,4421,0.2005
326,Unknown,84,2,22050,0,0.0,True,4102,0.186,886,0.0402,4988,0.2262
327,Unknown,93,1,22050,0,0.0,True,2882,0.1307,677,0.0307,3559,0.1614
328,Unknown,101,0,22050,0,0.0,True,1843,0.0836,647,0.0293,2490,0.1129
329,Hawaiian Gt.,48,4,22050,0,0.0,True,4686,0.2125,338,0.0153,5024,0.2278
330,Hawaiian Gt.,60,-1,22050,0,0.0,True,3433,0.1557,337,0.0153,3770,0.171
331,Unknown,67,8,22050,0,0.0,True,2877,0.1305,226,0.0102,3103,0.1407
332,Unknown,72,-1,22050,0,0.0,True,2013,0.0913,337,0.0153,2350,0.1066
333,Unknown,83,-25,22050,0,0.0,True,2263,0.1026,22,0.001,2285,0.1036
334,Unknown,84,3,22050,0,0.0,True,2763,0.1253,190,0.0086,2953,0.1339
335,Clean Gt.   ,48,4,22050,0,0.0,True,4686,0.2125,338,0.0153,5024,0.2278
336,Clean Gt.   ,60,-1,22050,0,0.0,True,3433,0.1557,337,0.0153,3770,0.171
337,Unknown,67,8,22050,0,0.0,True,2877,0.1305,226,0.0102,3103,0.1407
338,Unknown,72,-1,22050,0,0.0,True,2013,0.0913,337,0.0153,2350,0.1066
339,Unknown,83,-25,22050,0,0.0,True,2263,0.1026,22,0.001,2285,0.1036
340,Unknown,84,3,22050,0,0.0,True,2763,0.1253,190,0.0086,2953,0.1339
341,Chorus Gt.  ,43,0,22050,0,0.0,True,1184,0.0537,225,0.0102,1409,0.0639
342,Chorus Gt.  ,64,3,22050,0,0.0,True,1007,0.0457,67,0.003,1074,0.0487
343,Unknown,81,-4,22050,0,0.0,True,485,0.022,25,0.0011,510,0.0231
344,Unknown,88,8,22050,0,0.0,True,1727,0.0783,84,0.0038,1811,0.0821
345,Unknown,97,10,22050,0,0.0,True,1008,0.0457,80,0.0036,1088,0.0493
346,Unknown,101,0,22050,0,0.0,True,1843,0.0836,647,0.0293,2490,0.1129
347,Muted Gt.   ,43,0,22050,0,0.0,True,1184,0.0537,225,0.0102,1409,0.0639
348,Muted Gt.   ,64,3,22050,0,0.0,True,1007,0.0457,67,0.003,1074,0.0487
349,Unknown,81,-4,22050,0,0.0,True,485,0.022,25,0.0011,510,0.0231
350,Unknown,88,8,22050,0,0.0,True,1727,0.0783,84,0.0038,1811,0.0821
351,Unknown,97,10,22050,0,0.0,True,1008,0.0457,80,0.0036,1088,0.0493
352,Unknown,101,0,22050,0,0.0,True,1843,0.0836,647,0.0293,2490,0.1129
353,Funk Gt.    ,43,0,22050,0,0.0,True,1184,0.0537,225,0.0102,1409,0.0639
354,Funk Gt.    ,64,3,22050,0,0.0,True,1007,0.0457,67,0.003,1074,0.0487
355,Unknown,81,-4,22050,0,0.0,True,485,0.022,25,0.0011,510,0.0231
356,Unknown,88,8,22050,0,0.0,True,1727,0.0783,84,0.0038,1811,0.0821
357,Unknown,97,10,22050,0,0.0,True,1008,0.0457,80,0.0036,1088,0.0493
358,Unknown,101,0,22050,0,0.0,True,1843,0.0836,647,0.0293,2490,0.1129
359,Funk Gt.2   ,32,-3,22050,0,0.0,True,4335,0.1966,424,0.0192,4759,0.2158
360,Funk Gt.2   ,37,-1,22050,0,0.0,True,3585,0.1626,318,0.0144,3903,0.177
361,Unknown,48,4,22050,0,0.0,True,2433,0.1103,169,0.0077,2602,0.118
362,Unknown,60,4,22050,0,0.0,True,4190,0.19,169,0.0077,4359,0.1977
363,Unknown,59,-25,22050,0,0.0,True,1213,0.055,88,0.004,1301,0.059
364,Unknown,61,10,22050,0,0.0,True,1253,0.0568,80,0.0036,1333,0.0605
365,Unknown,65,-4,22050,0,0.0,True,867,0.0393,63,0.0029,930,0.0422
366,Unknown,77,-32,22050,0,0.0,True,643,0.0292,31,0.0014,674,0.0306
367,Unknown,84,-6,22050,0,0.0,True,378,0.0171,21,0.001,399,0.0181
368,Unknown,94,-4,22050,0,0.0,True,291,0.0132,59,0.0027,350,0.0159
369,Overdrive Gt,36,-1,22050,0,0.0,True,3314,0.1503,337,0.0153,3651,0.1656
370,Overdrive Gt,42,-10,22050,0,0.0,True,3044,0.138,237,0.0107,3281,0.1488
371,Unknown,47,-6,22050,0,0.0,True,2091,0.0948,178,0.0081,2269,0.1029
372,Unknown,52,-10,22050,0,0.0,True,1671,0.0758,133,0.006,1804,0.0818
373,Unknown,59,-6,22050,0,0.0,True,850,0.0385,89,0.004,939,0.0426
374,Unknown,65,-4,22050,0,0.0,True,1062,0.0482,63,0.0029,1125,0.051
375,Unknown,80,-36,22050,0,0.0,True,661,0.03,52,0.0024,713,0.0323
376,Unknown,89,-32,22050,0,0.0,True,394,0.0179,31,0.0014,425,0.0193
377,Unknown,97,10,22050,0,0.0,True,503,0.0228,10,0.0005,513,0.0233
378,DistortionGt,36,-1,22050,0,0.0,True,3314,0.1503,337,0.0153,3651,0.1656
379,DistortionGt,42,-10,22050,0,0.0,True,3044,0.138,237,0.0107,3281,0.1488
380,Unknown,47,-6,22050,0,0.0,True,2091,0.0948,178,0.0081,2269,0.1029
381,Unknown,52,-10,22050,0,0.0,True,1671,0.0758,133,0.006,1804,0.0818
382,Unknown,59,-6,22050,0,0.0,True,850,0.0385,89,0.004,939,0.0426
383,Unknown,65,-4,22050,0,0.0,True,1062,0.0482,63,0.0029,1125,0.051
384,Unknown,80,-36,22050,0,0.0,True,661,0.03,52,0.0024,713,0.0323
385,Unknown,89,-32,22050,0,0.0,True,394,0.0179,31,0.0014,425,0.0193
386,Unknown,97,10,22050,0,0.0,True,503,0.0228,10,0.0005,513,0.0233
387,Feedback Gt.,67,27,22050,0,0.0,True,784,0.0356,71,0.0032,855,0.0388
388,Feedback Gt.,82,26,22050,0,0.0,True,691,0.0313,18,0.0008,709,0.0322
389,Unknown,82,26,22050,0,0.0,True,691,0.0313,18,0.0008,709,0.0322
390,Unknown,99,26,22050,0,0.0,True,691,0.0313,18,0.0008,709,0.0322
391,Gt.Harmonics,52,-10,22050,0,0.0,True,100,0.0045,133,0.006,233,0.0106
392,Gt.Harmonics,64,3,22050,0,0.0,True,51,0.0023,67,0.003,118,0.0054
393,Unknown,76,28,22050,0,0.0,True,25,0.0011,34,0.0015,59,0.0027
394,Unknown,88,28,22050,0,0.0,True,13,0.0006,17,0.0008,30,0.0014
395,Unknown,99,27,22050,0,0.0,True,11,0.0005,18,0.0008,29,0.0013
396,Unknown,109,10,22050,0,0.0,True,16,0.0007,10,0.0005,26,0.0012
397,Unknown,119,-8,22050,0,0.0,True,17,0.0008,25,0.0011,42,0.0019
398,Gt. Feedback,32,5,22050,0,0.0,True,7814,0.3544,426,0.0193,8240,0.3737
399,Gt. Feedback,43,4,22050,0,0.0,True,6539,0.2966,451,0.0205,6990,0.317
400,Unknown,60,15,22050,0,0.0,True,2639,0.1197,85,0.0039,2724,0.1235
401,Unknown,60,15,22050,0,0.0,True,2639,0.1197,85,0.0039,2724,0.1235
402,Unknown,83,1,22050,0,0.0,True,2290,0.1039,469,0.0213,2759,0.1251
403,Unknown,96,6,22050,0,0.0,True,2033,0.0922,148,0.0067,2181,0.0989
404,Acoustic Bs.,56,-3,22050,0,0.0,True,2717,0.1232,106,0.0048,2823,0.128
405,Acoustic Bs.,59,-6,22050,0,0.0,True,2472,0.1121,89,0.004,2561,0.1161
406,Unknown,76,3,22050,0,0.0,True,997,0.0452,134,0.0061,1131,0.0513
407,Unknown,76,3,22050,0,0.0,True,997,0.0452,134,0.0061,1131,0.0513
408,Unknown,99,27,22050,0,0.0,True,11,0.0005,18,0.0008,29,0.0013
409,Fingered Bs.,30,4,22050,0,0.0,True,6692,0.3035,478,0.0217,7170,0.3252
410,Fingered Bs.,40,-4,22050,0,0.0,True,6302,0.2858,534,0.0242,6836,0.31
411,Unknown,50,4,22050,0,0.0,True,3397,0.1541,301,0.0137,3698,0.1677
412,Unknown,84,2,22050,0,0.0,True,4102,0.186,886,0.0402,4988,0.2262
413,Unknown,93,1,22050,0,0.0,True,2882,0.1307,677,0.0307,3559,0.1614
414,Unknown,101,0,22050,0,0.0,True,1843,0.0836,647,0.0293,2490,0.1129
415,Picked Bs.  ,36,-1,22050,0,0.0,True,9308,0.4221,337,0.0153,9645,0.4374
416,Picked Bs.  ,48,4,22050,0,0.0,True,5344,0.2424,169,0.0077,5513,0.25
417,Unknown,60,-6,22050,0,0.0,True,2496,0.1132,84,0.0038,2580,0.117
418,Unknown,84,2,22050,0,0.0,True,4102,0.186,886,0.0402,4988,0.2262
419,Unknown,93,1,22050,0,0.0,True,2882,0.1307,677,0.0307,3559,0.1614
420,Unknown,101,0,22050,0,0.0,True,1843,0.0836,647,0.0293,2490,0.1129
421,Fretless Bs.,31,10,22050,0,0.0,True,6513,0.2954,905,0.041,7418,0.3364
422,Fretless Bs.,43,4,22050,0,0.0,True,3908,0.1772,1579,0.0716,5487,0.2488
423,Unknown,83,-25,22050,0,0.0,True,328,0.0149,22,0.001,350,0.0159
424,Unknown,84,3,22050,0,0.0,True,2763,0.1253,190,0.0086,2953,0.1339
425,Slap Bass 1 ,52,6,22050,0,0.0,True,1260,0.0571,537,0.0244,1797,0.0815
426,Slap Bass 1 ,52,6,22050,0,0.0,True,1260,0.0571,537,0.0244,1797,0.0815
427,Unknown,43,4,22050,0,0.0,True,3908,0.1772,1579,0.0716,5487,0.2488
428,Unknown,83,-25,22050,0,0.0,True,328,0.0149,22,0.001,350,0.0159
429,Unknown,84,3,22050,0,0.0,True,2763,0.1253,190,0.0086,2953,0.1339
430,Slap Bass 2 ,33,9,22050,0,0.0,True,16476,0.7472,403,0.0183,16879,0.7655
431,Slap Bass 2 ,48,15,22050,0,0.0,True,3475,0.1576,170,0.0077,3645,0.1653
432,Unknown,72,-6,22050,0,0.0,True,2445,0.1109,42,0.0019,2487,0.1128
433,Unknown,96,-6,22050,0,0.0,True,1356,0.0615,21,0.001,1377,0.0624
434,Synth Bass 1,59,33,22050,0,0.0,True,1353,0.0614,91,0.0041,1444,0.0655
435,Synth Bass 1,59,33,22050,0,0.0,True,1353,0.0614,91,0.0041,1444,0.0655
436,Unknown,72,35,22050,0,0.0,True,1380,0.0626,43,0.002,1423,0.0645
437,SynthBass101,36,4,22050,0,0.0,True,8625,0.3912,338,0.0153,8963,0.4065
438,SynthBass101,48,15,22050,0,0.0,True,3475,0.1576,170,0.0077,3645,0.1653
439,Unknown,72,-6,22050,0,0.0,True,2445,0.1109,42,0.0019,2487,0.1128
440,Unknown,96,-6,22050,0,0.0,True,1356,0.0615,21,0.001,1377,0.0624
441,Synth Bass 3,33,0,22050,0,0.0,True,9501,0.4309,401,0.0182,9902,0.4491
442,Synth Bass 3,48,15,22050,0,0.0,True,2768,0.1255,340,0.0154,3108,0.141
443,Unknown,72,-6,22050,0,0.0,True,2956,0.1341,42,0.0019,2998,0.136
444,Unknown,72,-6,22050,0,0.0,True,2956,0.1341,42,0.0019,2998,0.136
445,Unknown,84,3,22050,0,0.0,True,2763,0.1253,190,0.0086,2953,0.1339
446,Synth Bass 2,29,13,22050,0,0.0,True,5591,0.2536,509,0.0231,6100,0.2766
447,Synth Bass 2,29,13,22050,0,0.0,True,5591,0.2536,509,0.0231,6100,0.2766
448,Unknown,48,15,22050,0,0.0,True,3475,0.1576,170,0.0077,3645,0.1653
449,Unknown,72,-6,22050,0,0.0,True,2445,0.1109,42,0.0019,2487,0.1128
450,Unknown,96,-6,22050,0,0.0,True,1356,0.0615,21,0.001,1377,0.0624
451,Synth Bass 4,59,33,22050,0,0.0,True,1353,0.0614,91,0.0041,1444,0.0655
452,Synth Bass 4,59,33,22050,0,0.0,True,1353,0.0614,91,0.0041,1444,0.0655
453,Unknown,72,35,22050,0,0.0,True,1380,0.0626,43,0.002,1423,0.0645
454,Unknown,72,35,22050,0,0.0,True,1380,0.0626,43,0.002,1423,0.0645
455,Unknown,72,35,22050,0,0.0,True,1380,0.0626,43,0.002,1423,0.0645
456,Unknown,72,35,22050,0,0.0,True,1380,0.0626,43,0.002,1423,0.0645
457,Unknown,72,35,22050,0,0.0,True,1380,0.0626,43,0.002,1423,0.0645
458,Rubber Bass ,56,-3,22050,0,0.0,True,1341,0.0608,106,0.0048,1447,0.0656
459,Rubber Bass ,58,7,22050,0,0.0,True,1483,0.0673,95,0.0043,1578,0.0716
460,Unknown,64,3,22050,0,0.0,True,1330,0.0603,67,0.003,1397,0.0634
461,Unknown,68,-3,22050,0,0.0,True,1298,0.0589,53,0.0024,1351,0.0613
462,Unknown,74,-25,22050,0,0.0,True,1115,0.0506,37,0.0017,1152,0.0522
463,Unknown,83,-25,22050,0,0.0,True,934,0.0424,22,0.001,956,0.0434
464,Unknown,92,-3,22050,0,0.0,True,868,0.0394,53,0.0024,921,0.0418
465,Unknown,106,25,22050,0,0.0,True,6,0.0003,12,0.0005,18,0.0008
466,Unknown,95,-25,22050,0,0.0,True,366,0.0166,44,0.002,410,0.0186
467,Violin      ,41,3,22050,0,0.0,True,813,0.0369,253,0.0115,1066,0.0483
468,Violin      ,56,-3,22050,0,0.0,True,1341,0.0608,106,0.0048,1447,0.0656
469,Unknown,58,7,22050,0,0.0,True,1483,0.0673,95,0.0043,1578,0.0716
470,Unknown,64,3,22050,0,0.0,True,1330,0.0603,67,0.003,1397,0.0634
471,Unknown,68,-3,22050,0,0.0,True,1298,0.0589,53,0.0024,1351,0.0613
472,Unknown,74,-25,22050,0,0.0,True,1115,0.0506,37,0.0017,1152,0.0522
473,Unknown,83,-25,22050,0,0.0,True,934,0.0424,22,0.001,956,0.0434
474,Unknown,92,-3,22050,0,0.0,True,868,0.0394,53,0.0024,921,0.0418
475,Unknown,106,25,22050,0,0.0,True,6,0.0003,12,0.0005,18,0.0008
476,Unknown,95,-25,22050,0,0.0,True,366,0.0166,44,0.002,410,0.0186
477,Slow Violin ,56,-3,22050,0,0.0,True,1341,0.0608,106,0.0048,1447,0.0656
478,Slow Violin ,58,7,22050,0,0.0,True,1483,0.0673,95,0.0043,1578,0.0716
479,Unknown,64,3,22050,0,0.0,True,1330,0.0603,67,0.003,1397,0.0634
480,Unknown,68,-3,22050,0,0.0,True,1298,0.0589,53,0.0024,1351,0.0613
481,Unknown,74,-25,22050,0,0.0,True,1115,0.0506,37,0.0017,1152,0.0522
482,Unknown,83,-25,22050,0,0.0,True,934,0.0424,22,0.001,956,0.0434
483,Unknown,92,-3,22050,0,0.0,True,868,0.0394,53,0.0024,921,0.0418
484,Unknown,106,25,22050,0,0.0,True,6,0.0003,12,0.0005,18,0.0008
485,Unknown,95,-25,22050,0,0.0,True,366,0.0166,44,0.002,410,0.0186
486,Viola       ,28,-13,22050,0,0.0,True,1251,0.0567,531,0.0241,1782,0.0808
487,Viola       ,41,3,22050,0,0.0,True,813,0.0369,253,0.0115,1066,0.0483
488,Unknown,53,-14,22050,0,0.0,True,603,0.0273,501,0.0227,1104,0.0501
489,Unknown,64,3,22050,0,0.0,True,729,0.0331,67,0.003,796,0.0361
490,Unknown,76,-23,22050,0,0.0,True,453,0.0205,33,0.0015,486,0.022
491,Unknown,106,25,22050,0,0.0,True,6,0.0003,12,0.0005,18,0.0008
492,Unknown,92,-3,22050,0,0.0,True,868,0.0394,53,0.0024,921,0.0418
493,Unknown,96,-6,22050,0,0.0,True,1,0.0,21,0.001,22,0.001
494,Cello       ,29,-14,22050,0,0.0,True,2415,0.1095,501,0.0227,2916,0.1322
495,Cello       ,42,4,22050,0,0.0,True,1128,0.0512,239,0.0108,1367,0.062
496,Unknown,59,14,22050,0,0.0,True,425,0.0193,90,0.0041,515,0.0234
497,Unknown,64,3,22050,0,0.0,True,1,0.0,67,0.003,68,0.0031
498,Unknown,72,-6,22050,0,0.0,True,3,0.0001,42,0.0019,45,0.002
499,Unknown,96,-6,22050,0,0.0,True,1,0.0,21,0.001,22,0.001
500,Unknown,80,-3,22050,0,0.0,True,2,0.0001,53,0.0024,55,0.0025
501,Unknown,88,-6,22050,0,0.0,True,1,0.0,50,0.0023,51,0.0023
502,Contrabass  ,57,-7,22050,0,0.0,True,251,0.0114,9710,0.4404,9961,0.4517
503,Contrabass  ,71,-7,22050,0,0.0,True,147,0.0067,11272,0.5112,11419,0.5179
504,Unknown,88,8,22050,0,0.0,True,136,0.0062,7411,0.3361,7547,0.3423
505,Tremolo Str ,59,-17,22050,0,0.0,True,2073,0.094,398,0.018,2471,0.1121
506,Tremolo Str ,71,-17,22050,0,0.0,True,2073,0.094,398,0.018,2471,0.1121
507,Unknown,96,1,22050,0,0.0,True,549,0.0249,137,0.0062,686,0.0311
508,PizzicatoStr,57,0,22050,0,0.0,True,3340,0.1515,501,0.0227,3841,0.1742
509,PizzicatoStr,70,-1,22050,0,0.0,True,2937,0.1332,520,0.0236,3457,0.1568
510,Unknown,83,1,22050,0,0.0,True,2290,0.1039,469,0.0213,2759,0.1251
511,Unknown,96,6,22050,0,0.0,True,2033,0.0922,148,0.0067,2181,0.0989
512,Harp        ,55,-44,22050,0,0.0,False,0,0.0,0,0.0,0,0.0
513,Harp        ,55,-44,22050,0,0.0,False,0,0.0,0,0.0,0,0.0
514,Unknown,55,-44,22050,0,0.0,False,0,0.0,0,0.0,0,0.0
515,Unknown,55,-44,22050,0,0.0,False,0,0.0,0,0.0,0,0.0
516,Unknown,55,-44,22050,0,0.0,False,0,0.0,0,0.0,0,0.0
517,Unknown,55,-44,22050,0,0.0,False,0,0.0,0,0.0,0,0.0
518,Unknown,55,-44,22050,0,0.0,False,0,0.0,0,0.0,0,0.0
519,Unknown,55,-44,22050,0,0.0,False,0,0.0,0,0.0,0,0.0
520,Unknown,55,-44,22050,0,0.0,False,0,0.0,0,0.0,0,0.0
521,Unknown,55,-44,22050,0,0.0,False,0,0.0,0,0.0,0,0.0
522,Timpani     ,57,-7,22050,0,0.0,True,251,0.0114,9710,0.4404,9961,0.4517
523,Timpani     ,71,-7,22050,0,0.0,True,147,0.0067,11272,0.5112,11419,0.5179
524,Unknown,88,8,22050,0,0.0,True,136,0.0062,7411,0.3361,7547,0.3423
525,Strings     ,57,-7,22050,0,0.0,True,251,0.0114,9710,0.4404,9961,0.4517
526,Strings     ,71,-7,22050,0,0.0,True,147,0.0067,11272,0.5112,11419,0.5179
527,Unknown,88,8,22050,0,0.0,True,136,0.0062,7411,0.3361,7547,0.3423
528,Orchestra   ,57,-7,22050,0,0.0,True,251,0.0114,9710,0.4404,9961,0.4517
529,Orchestra   ,71,-7,22050,0,0.0,True,147,0.0067,11272,0.5112,11419,0.5179
530,Unknown,88,8,22050,0,0.0,True,136,0.0062,7411,0.3361,7547,0.3423
531,Slow Strings,48,3,22050,0,0.0,True,169,0.0077,10805,0.49,10974,0.4977
532,Slow Strings,69,3,22050,0,0.0,True,284,0.0129,10741,0.4871,11025,0.5
533,Unknown,86,2,22050,0,0.0,True,82,0.0037,9507,0.4312,9589,0.4349
534,Syn.Strings1,67,2,22050,0,0.0,True,2336,0.1059,12051,0.5465,14387,0.6525
535,Syn.Strings1,82,2,22050,0,0.0,True,983,0.0446,5067,0.2298,6050,0.2744
536,Unknown,88,8,22050,0,0.0,True,136,0.0062,7411,0.3361,7547,0.3423
537,Unknown,82,2,22050,0,0.0,True,983,0.0446,5067,0.2298,6050,0.2744
538,Unknown,86,2,22050,0,0.0,True,82,0.0037,9507,0.4312,9589,0.4349
539,Syn.Strings3,48,3,22050,0,0.0,True,169,0.0077,10805,0.49,10974,0.4977
540,Syn.Strings3,69,3,22050,0,0.0,True,284,0.0129,10741,0.4871,11025,0.5
541,Unknown,86,2,22050,0,0.0,True,82,0.0037,9507,0.4312,9589,0.4349
542,Syn.Strings2,68,-20,22050,0,0.0,True,3689,0.1673,8712,0.3951,12401,0.5624
543,Syn.Strings2,86,2,22050,0,0.0,True,82,0.0037,9507,0.4312,9589,0.4349
544,Unknown,86,2,22050,0,0.0,True,82,0.0037,9507,0.4312,9589,0.4349
545,Choir Aahs  ,68,-20,22050,0,0.0,True,3689,0.1673,8712,0.3951,12401,0.5624
546,Choir Aahs  ,86,2,22050,0,0.0,True,82,0.0037,9507,0.4312,9589,0.4349
547,Unknown,86,2,22050,0,0.0,True,82,0.0037,9507,0.4312,9589,0.4349
548,Choir Aahs 2,58,48,22050,0,0.0,True,918,0.0416,1750,0.0794,2668,0.121
549,Choir Aahs 2,70,48,22050,0,0.0,True,918,0.0416,1750,0.0794,2668,0.121
550,Unknown,79,4,22050,0,0.0,True,1315,0.0596,1945,0.0882,3260,0.1478
551,Unknown,90,21,22050,0,0.0,True,1445,0.0655,1827,0.0829,3272,0.1484
552,Unknown,95,-25,22050,0,0.0,True,2406,0.1091,22,0.001,2428,0.1101
553,Voice Oohs  ,62,-27,22050,0,0.0,True,18,0.0008,5360,0.2431,5378,0.2439
554,Voice Oohs  ,74,-27,22050,0,0.0,True,18,0.0008,5360,0.2431,5378,0.2439
555,Unknown,74,-27,22050,0,0.0,True,18,0.0008,5360,0.2431,5378,0.2439
556,Unknown,106,-27,22050,0,0.0,True,29,0.0013,1560,0.0707,1589,0.0721
557,Unknown,96,-6,22050,0,0.0,True,1,0.0,21,0.001,22,0.001
558,SynVox      ,68,-3,22050,0,0.0,True,13377,0.6067,2014,0.0913,15391,0.698
559,OrchestraHit,40,3,22050,0,0.0,True,1941,0.088,268,0.0122,2209,0.1002
560,OrchestraHit,48,4,22050,0,0.0,True,2724,0.1235,169,0.0077,2893,0.1312
561,Unknown,55,8,22050,0,0.0,True,2251,0.1021,113,0.0051,2364,0.1072
562,Unknown,53,10,22050,0,0.0,True,1275,0.0578,127,0.0058,1402,0.0636
563,Unknown,61,10,22050,0,0.0,True,1210,0.0549,80,0.0036,1290,0.0585
564,Unknown,69,-4,22050,0,0.0,True,942,0.0427,100,0.0045,1042,0.0473
565,Unknown,74,21,22050,0,0.0,True,721,0.0327,38,0.0017,759,0.0344
566,Unknown,80,29,22050,0,0.0,True,560,0.0254,27,0.0012,587,0.0266
567,Unknown,89,23,22050,0,0.0,True,444,0.0201,16,0.0007,460,0.0209
568,Unknown,95,-25,22050,0,0.0,True,366,0.0166,44,0.002,410,0.0186
569,Trumpet     ,40,3,22050,0,0.0,True,1941,0.088,268,0.0122,2209,0.1002
570,Trumpet     ,48,4,22050,0,0.0,True,2724,0.1235,169,0.0077,2893,0.1312
571,Unknown,55,8,22050,0,0.0,True,2251,0.1021,113,0.0051,2364,0.1072
572,Unknown,62,21,22050,0,0.0,True,1916,0.0869,76,0.0034,1992,0.0903
573,Unknown,68,29,22050,0,0.0,True,2652,0.1203,54,0.0024,2706,0.1227
574,Unknown,77,23,22050,0,0.0,True,1569,0.0712,32,0.0015,1601,0.0726
575,Unknown,86,21,22050,0,0.0,True,893,0.0405,57,0.0026,950,0.0431
576,Unknown,92,-36,22050,0,0.0,True,460,0.0209,13,0.0006,473,0.0215
577,Unknown,89,23,22050,0,0.0,True,444,0.0201,16,0.0007,460,0.0209
578,Unknown,95,-25,22050,0,0.0,True,366,0.0166,44,0.002,410,0.0186
579,Trombone    ,48,4,22050,0,0.0,True,2724,0.1235,169,0.0077,2893,0.1312
580,Trombone    ,55,8,22050,0,0.0,True,2251,0.1021,113,0.0051,2364,0.1072
581,Unknown,53,10,22050,0,0.0,True,1275,0.0578,127,0.0058,1402,0.0636
582,Unknown,61,10,22050,0,0.0,True,1210,0.0549,80,0.0036,1290,0.0585
583,Unknown,69,-4,22050,0,0.0,True,942,0.0427,100,0.0045,1042,0.0473
584,Unknown,74,21,22050,0,0.0,True,721,0.0327,38,0.0017,759,0.0344
585,Unknown,80,29,22050,0,0.0,True,560,0.0254,27,0.0012,587,0.0266
586,Unknown,89,23,22050,0,0.0,True,444,0.0201,16,0.0007,460,0.0209
587,Unknown,99,27,22050,0,0.0,True,208,0.0094,18,0.0008,226,0.0102
588,Trombone 2  ,39,-15,22050,0,0.0,True,1372,0.0622,281,0.0127,1653,0.075
589,Trombone 2  ,50,-37,22050,0,0.0,True,1032,0.0468,147,0.0067,1179,0.0535
590,Unknown,62,21,22050,0,0.0,True,1916,0.0869,76,0.0034,1992,0.0903
591,Unknown,68,29,22050,0,0.0,True,2652,0.1203,54,0.0024,2706,0.1227
592,Unknown,77,23,22050,0,0.0,True,1569,0.0712,32,0.0015,1601,0.0726
593,Unknown,86,21,22050,0,0.0,True,893,0.0405,57,0.0026,950,0.0431
594,Unknown,92,-36,22050,0,0.0,True,460,0.0209,13,0.0006,473,0.0215
595,Unknown,89,23,22050,0,0.0,True,444,0.0201,16,0.0007,460,0.0209
596,Unknown,95,-25,22050,0,0.0,True,366,0.0166,44,0.002,410,0.0186
597,Tuba        ,64,3,22050,0,0.0,True,4115,0.1866,67,0.003,4182,0.1897
598,Tuba        ,73,10,22050,0,0.0,True,3422,0.1552,80,0.0036,3502,0.1588
599,Unknown,79,8,22050,0,0.0,True,3254,0.1476,113,0.0051,3367,0.1527
600,Unknown,86,21,22050,0,0.0,True,2835,0.1286,38,0.0017,2873,0.1303
601,Unknown,80,29,22050,0,0.0,True,560,0.0254,27,0.0012,587,0.0266
602,Unknown,89,23,22050,0,0.0,True,444,0.0201,16,0.0007,460,0.0209
603,Unknown,95,-25,22050,0,0.0,True,366,0.0166,44,0.002,410,0.0186
604,MutedTrumpet,60,2,22050,0,0.0,True,5356,0.2429,422,0.0191,5778,0.262
605,MutedTrumpet,72,1,22050,0,0.0,True,3831,0.1737,253,0.0115,4084,0.1852
606,Unknown,72,1,22050,0,0.0,True,3831,0.1737,253,0.0115,4084,0.1852
607,Unknown,95,-25,22050,0,0.0,True,366,0.0166,44,0.002,410,0.0186
608,Unknown,60,2,22050,0,0.0,True,5356,0.2429,422,0.0191,5778,0.262
609,French Horns,60,2,22050,0,0.0,True,5356,0.2429,422,0.0191,5778,0.262
610,French Horns,72,1,22050,0,0.0,True,3831,0.1737,253,0.0115,4084,0.1852
611,Unknown,72,1,22050,0,0.0,True,3831,0.1737,253,0.0115,4084,0.1852
612,Unknown,95,-25,22050,0,0.0,True,366,0.0166,44,0.002,410,0.0186
613,Fr.Horn 2   ,64,-23,22050,0,0.0,True,5805,0.2633,66,0.003,5871,0.2663
614,Fr.Horn 2   ,72,2,22050,0,0.0,True,7241,0.3284,211,0.0096,7452,0.338
615,Unknown,84,0,22050,0,0.0,True,7893,0.358,295,0.0134,8188,0.3713
616,Unknown,96,35,22050,0,0.0,True,5183,0.2351,43,0.002,5226,0.237
617,Brass 1     ,64,-23,22050,0,0.0,True,5805,0.2633,66,0.003,5871,0.2663
618,Brass 1     ,72,2,22050,0,0.0,True,7241,0.3284,211,0.0096,7452,0.338
619,Unknown,84,0,22050,0,0.0,True,7893,0.358,295,0.0134,8188,0.3713
620,Unknown,96,35,22050,0,0.0,True,5183,0.2351,43,0.002,5226,0.237
621,Brass 2     ,48,0,22050,0,0.0,True,5639,0.2557,2360,0.107,7999,0.3628
622,Brass 2     ,60,0,22050,0,0.0,True,3829,0.1737,2191,0.0994,6020,0.273
623,Unknown,72,0,22050,0,0.0,True,4020,0.1823,1981,0.0898,6001,0.2722
624,Unknown,84,0,22050,0,0.0,True,2775,0.1259,1264,0.0573,4039,0.1832
625,Unknown,95,-25,22050,0,0.0,True,3023,0.1371,11,0.0005,3034,0.1376
626,Unknown,86,2,22050,0,0.0,True,82,0.0037,9507,0.4312,9589,0.4349
627,Synth Brass1,48,0,22050,0,0.0,True,5639,0.2557,2360,0.107,7999,0.3628
628,Synth Brass1,60,0,22050,0,0.0,True,3829,0.1737,2191,0.0994,6020,0.273
629,Unknown,72,0,22050,0,0.0,True,4020,0.1823,1981,0.0898,6001,0.2722
630,Unknown,84,0,22050,0,0.0,True,2775,0.1259,1264,0.0573,4039,0.1832
631,Unknown,95,-25,22050,0,0.0,True,3023,0.1371,11,0.0005,3034,0.1376
632,Unknown,86,2,22050,0,0.0,True,82,0.0037,9507,0.4312,9589,0.4349
633,Synth Brass3,48,0,22050,0,0.0,True,5639,0.2557,2360,0.107,7999,0.3628
634,Synth Brass3,60,0,22050,0,0.0,True,3829,0.1737,2191,0.0994,6020,0.273
635,Unknown,72,0,22050,0,0.0,True,4020,0.1823,1981,0.0898,6001,0.2722
636,Unknown,84,0,22050,0,0.0,True,2775,0.1259,1264,0.0573,4039,0.1832
637,Unknown,95,-25,22050,0,0.0,True,3023,0.1371,11,0.0005,3034,0.1376
638,Unknown,86,2,22050,0,0.0,True,82,0.0037,9507,0.4312,9589,0.4349
639,AnalogBrass1,43,0,22050,0,0.0,True,8834,0.4006,675,0.0306,9509,0.4312
640,AnalogBrass1,55,3,22050,0,0.0,True,5417,0.2457,338,0.0153,5755,0.261
641,Unknown,72,35,22050,0,0.0,True,3494,0.1585,43,0.002,3537,0.1604
642,Unknown,95,-25,22050,0,0.0,True,2406,0.1091,22,0.001,2428,0.1101
643,Synth Brass2,48,3,22050,0,0.0,True,169,0.0077,10805,0.49,10974,0.4977
644,Synth Brass2,69,3,22050,0,0.0,True,284,0.0129,10741,0.4871,11025,0.5
645,Unknown,86,2,22050,0,0.0,True,82,0.0037,9507,0.4312,9589,0.4349
646,Synth Brass4,60,2,22050,0,0.0,True,5356,0.2429,422,0.0191,5778,0.262
647,Synth Brass4,72,1,22050,0,0.0,True,3831,0.1737,253,0.0115,4084,0.1852
648,Unknown,72,1,22050,0,0.0,True,3831,0.1737,253,0.0115,4084,0.1852
649,Unknown,95,-25,22050,0,0.0,True,366,0.0166,44,0.002,410,0.0186
650,Unknown,72,1,22050,0,0.0,True,3831,0.1737,253,0.0115,4084,0.1852
651,AnalogBrass2,58,7,22050,0,0.0,True,1856,0.0842,95,0.0043,1951,0.0885
652,AnalogBrass2,64,28,22050,0,0.0,True,1220,0.0553,68,0.0031,1288,0.0584
653,Unknown,70,25,22050,0,0.0,True,3761,0.1706,48,0.0022,3809,0.1727
654,Unknown,76,28,22050,0,0.0,True,3225,0.1463,34,0.0015,3259,0.1478
655,Unknown,83,1,22050,0,0.0,True,2235,0.1014,67,0.003,2302,0.1044
656,Unknown,89,23,22050,0,0.0,True,458,0.0208,16,0.0007,474,0.0215
657,Unknown,95,-25,22050,0,0.0,True,366,0.0166,44,0.002,410,0.0186
658,Soprano Sax ,41,-11,22050,0,0.0,True,2359,0.107,251,0.0114,2610,0.1184
659,Soprano Sax ,47,14,22050,0,0.0,True,1086,0.0493,180,0.0082,1266,0.0574
660,Unknown,51,27,22050,0,0.0,True,1111,0.0504,144,0.0065,1255,0.0569
661,Unknown,57,13,22050,0,0.0,True,1098,0.0498,101,0.0046,1199,0.0544
662,Unknown,65,23,22050,0,0.0,True,683,0.031,64,0.0029,747,0.0339
663,Unknown,75,-21,22050,0,0.0,True,1150,0.0522,35,0.0016,1185,0.0537
664,Unknown,83,-25,22050,0,0.0,True,678,0.0307,44,0.002,722,0.0327
665,Unknown,92,-36,22050,0,0.0,True,302,0.0137,52,0.0024,354,0.0161
666,Alto Sax    ,34,7,22050,0,0.0,True,1201,0.0545,380,0.0172,1581,0.0717
667,Alto Sax    ,45,5,22050,0,0.0,True,1014,0.046,201,0.0091,1215,0.0551
668,Unknown,51,3,22050,0,0.0,True,856,0.0388,142,0.0064,998,0.0453
669,Unknown,56,-3,22050,0,0.0,True,726,0.0329,106,0.0048,832,0.0377
670,Unknown,62,21,22050,0,0.0,True,936,0.0424,76,0.0034,1012,0.0459
671,Unknown,69,-4,22050,0,0.0,True,616,0.0279,50,0.0023,666,0.0302
672,Unknown,77,23,22050,0,0.0,True,547,0.0248,32,0.0015,579,0.0263
673,Unknown,85,10,22050,0,0.0,True,365,0.0166,20,0.0009,385,0.0175
674,Unknown,95,-25,22050,0,0.0,True,403,0.0183,11,0.0005,414,0.0188
675,Tenor Sax   ,38,-8,22050,0,0.0,True,464,0.021,299,0.0136,763,0.0346
676,Tenor Sax   ,48,-6,22050,0,0.0,True,438,0.0199,168,0.0076,606,0.0275
677,Unknown,59,14,22050,0,0.0,True,571,0.0259,90,0.0041,661,0.03
678,Unknown,86,21,22050,0,0.0,True,193,0.0088,19,0.0009,212,0.0096
679,Unknown,109,10,22050,0,0.0,True,63,0.0029,10,0.0005,73,0.0033
680,Unknown,95,-25,22050,0,0.0,True,403,0.0183,11,0.0005,414,0.0188
681,Baritone Sax,61,10,22050,0,0.0,True,2165,0.0982,80,0.0036,2245,0.1018
682,Baritone Sax,69,30,22050,0,0.0,True,1579,0.0716,51,0.0023,1630,0.0739
683,Unknown,77,23,22050,0,0.0,True,1579,0.0716,32,0.0015,1611,0.0731
684,Unknown,85,10,22050,0,0.0,True,825,0.0374,80,0.0036,905,0.041
685,Unknown,81,-4,22050,0,0.0,True,201,0.0091,25,0.0011,226,0.0102
686,Unknown,99,27,22050,0,0.0,True,208,0.0094,18,0.0008,226,0.0102
687,Oboe        ,53,10,22050,0,0.0,True,815,0.037,127,0.0058,942,0.0427
688,Oboe        ,61,10,22050,0,0.0,True,822,0.0373,80,0.0036,902,0.0409
689,Unknown,70,25,22050,0,0.0,True,616,0.0279,48,0.0022,664,0.0301
690,Unknown,82,25,22050,0,0.0,True,731,0.0332,24,0.0011,755,0.0342
691,Unknown,83,1,22050,0,0.0,True,2235,0.1014,67,0.003,2302,0.1044
692,Unknown,89,23,22050,0,0.0,True,458,0.0208,16,0.0007,474,0.0215
693,Unknown,95,-25,22050,0,0.0,True,366,0.0166,44,0.002,410,0.0186
694,English Horn,44,-3,22050,0,0.0,True,561,0.0254,212,0.0096,773,0.0351
695,English Horn,69,-39,22050,0,0.0,True,205,0.0093,49,0.0022,254,0.0115
696,Unknown,69,-39,22050,0,0.0,True,205,0.0093,49,0.0022,254,0.0115
697,Unknown,109,10,22050,0,0.0,True,63,0.0029,10,0.0005,73,0.0033
698,Unknown,95,-25,22050,0,0.0,True,403,0.0183,11,0.0005,414,0.0188
699,Bassoon     ,55,-8,22050,0,0.0,True,113,0.0051,112,0.0051,225,0.0102
700,Bassoon     ,64,28,22050,0,0.0,True,70,0.0032,68,0.0031,138,0.0063
701,Unknown,70,-11,22050,0,0.0,True,48,0.0022,47,0.0021,95,0.0043
702,Unknown,75,-21,22050,0,0.0,True,36,0.0016,35,0.0016,71,0.0032
703,Unknown,87,27,22050,0,0.0,True,38,0.0017,18,0.0008,56,0.0025
704,Unknown,95,-25,22050,0,0.0,True,366,0.0166,44,0.002,410,0.0186
705,Clarinet    ,67,-49,22050,0,0.0,True,1115,0.0506,82,0.0037,1197,0.0543
706,Clarinet    ,79,-49,22050,0,0.0,True,1115,0.0506,82,0.0037,1197,0.0543
707,Unknown,84,-6,22050,0,0.0,True,668,0.0303,21,0.001,689,0.0312
708,Unknown,95,-25,22050,0,0.0,True,2880,0.1306,11,0.0005,2891,0.1311
709,Piccolo     ,65,23,22050,0,0.0,True,1920,0.0871,64,0.0029,1984,0.09
710,Piccolo     ,73,10,22050,0,0.0,True,1948,0.0883,80,0.0036,2028,0.092
711,Unknown,78,-47,22050,0,0.0,True,1793,0.0813,29,0.0013,1822,0.0826
712,Unknown,88,28,22050,0,0.0,True,1261,0.0572,34,0.0015,1295,0.0587
713,Unknown,95,-25,22050,0,0.0,True,1044,0.0473,11,0.0005,1055,0.0478
714,Unknown,104,-36,22050,0,0.0,True,681,0.0309,13,0.0006,694,0.0315
715,Unknown,95,-25,22050,0,0.0,True,2880,0.1306,11,0.0005,2891,0.1311
716,Flute       ,66,-4,22050,0,0.0,True,934,0.0424,60,0.0027,994,0.0451
717,Flute       ,75,11,22050,0,0.0,True,1034,0.0469,36,0.0016,1070,0.0485
718,Unknown,83,36,22050,0,0.0,True,733,0.0332,23,0.001,756,0.0343
719,Unknown,93,48,22050,0,0.0,True,309,0.014,13,0.0006,322,0.0146
720,Unknown,101,8,22050,0,0.0,True,190,0.0086,16,0.0007,206,0.0093
721,Unknown,95,-25,22050,0,0.0,True,2880,0.1306,11,0.0005,2891,0.1311
722,Recorder    ,61,46,22050,0,0.0,True,1680,0.0762,2165,0.0982,3845,0.1744
723,Recorder    ,73,46,22050,0,0.0,True,1680,0.0762,2165,0.0982,3845,0.1744
724,Unknown,73,46,22050,0,0.0,True,1680,0.0762,2165,0.0982,3845,0.1744
725,Unknown,89,23,22050,0,0.0,True,458,0.0208,16,0.0007,474,0.0215
726,Pan Flute   ,60,-6,22050,0,0.0,True,1983,0.0899,42,0.0019,2025,0.0918
727,Pan Flute   ,72,-6,22050,0,0.0,True,1983,0.0899,42,0.0019,2025,0.0918
728,Unknown,84,-6,22050,0,0.0,True,987,0.0448,21,0.001,1008,0.0457
729,Unknown,89,23,22050,0,0.0,True,458,0.0208,16,0.0007,474,0.0215
730,Bottle Blow ,63,-2,22050,0,0.0,True,3559,0.1614,2336,0.1059,5895,0.2673
731,Bottle Blow ,70,-1,22050,0,0.0,True,2962,0.1343,1891,0.0858,4853,0.2201
732,Unknown,78,-2,22050,0,0.0,True,2509,0.1138,1994,0.0904,4503,0.2042
733,Unknown,84,-6,22050,0,0.0,True,668,0.0303,21,0.001,689,0.0312
734,Unknown,95,-25,22050,0,0.0,True,2880,0.1306,11,0.0005,2891,0.1311
735,Shakuhachi  ,52,-10,22050,0,0.0,True,100,0.0045,133,0.006,233,0.0106
736,Shakuhachi  ,64,3,22050,0,0.0,True,51,0.0023,67,0.003,118,0.0054
737,Unknown,76,28,22050,0,0.0,True,25,0.0011,34,0.0015,59,0.0027
738,Unknown,88,28,22050,0,0.0,True,13,0.0006,17,0.0008,30,0.0014
739,Unknown,95,-25,22050,0,0.0,True,2880,0.1306,11,0.0005,2891,0.1311
740,Whistle     ,60,35,22050,0,0.0,True,3081,0.1397,43,0.002,3124,0.1417
741,Whistle     ,72,35,22050,0,0.0,True,3081,0.1397,43,0.002,3124,0.1417
742,Unknown,83,-25,22050,0,0.0,True,2581,0.1171,22,0.001,2603,0.118
743,Unknown,95,-25,22050,0,0.0,True,2880,0.1306,11,0.0005,2891,0.1311
744,Ocarina     ,41,0,22050,0,0.0,True,2991,0.1356,3031,0.1375,6022,0.2731
745,Ocarina     ,48,-2,22050,0,0.0,True,5198,0.2357,2694,0.1222,7892,0.3579
746,Unknown,60,5,22050,0,0.0,True,4000,0.1814,3551,0.161,7551,0.3424
747,Unknown,67,8,22050,0,0.0,True,1641,0.0744,5313,0.241,6954,0.3154
748,Unknown,79,3,22050,0,0.0,True,2032,0.0922,4789,0.2172,6821,0.3093
749,Unknown,96,-1,22050,0,0.0,True,828,0.0376,1800,0.0816,2628,0.1192
750,Square Wave ,45,5,22050,0,0.0,True,15,0.0007,201,0.0091,216,0.0098
751,Square Wave ,56,-3,22050,0,0.0,True,14,0.0006,106,0.0048,120,0.0054
752,Unknown,68,-3,22050,0,0.0,True,14,0.0006,53,0.0024,67,0.003
753,Unknown,80,29,22050,0,0.0,True,17,0.0008,27,0.0012,44,0.002
754,Unknown,91,-8,22050,0,0.0,True,15,0.0007,14,0.0006,29,0.0013
755,Unknown,106,25,22050,0,0.0,True,6,0.0003,12,0.0005,18,0.0008
756,Unknown,113,23,22050,0,0.0,True,4,0.0002,12,0.0005,16,0.0007
757,Unknown,118,25,22050,0,0.0,True,3,0.0001,12,0.0005,15,0.0007
758,Square      ,52,-10,22050,0,0.0,True,100,0.0045,133,0.006,233,0.0106
759,Square      ,64,3,22050,0,0.0,True,51,0.0023,67,0.003,118,0.0054
760,Unknown,76,28,22050,0,0.0,True,25,0.0011,34,0.0015,59,0.0027
761,Unknown,88,28,22050,0,0.0,True,13,0.0006,17,0.0008,30,0.0014
762,Unknown,99,27,22050,0,0.0,True,11,0.0005,18,0.0008,29,0.0013
763,Unknown,88,28,22050,0,0.0,True,13,0.0006,17,0.0008,30,0.0014
764,Sine Wave   ,48,3,22050,0,0.0,True,5111,0.2318,10132,0.4595,15243,0.6913
765,Sine Wave   ,60,1,22050,0,0.0,True,4408,0.1999,5903,0.2677,10311,0.4676
766,Unknown,72,5,22050,0,0.0,True,3892,0.1765,6127,0.2779,10019,0.4544
767,Unknown,86,2,22050,0,0.0,True,82,0.0037,9507,0.4312,9589,0.4349
768,Unknown,95,-25,22050,0,0.0,True,2406,0.1091,22,0.001,2428,0.1101
769,Saw Wave    ,40,-17,22050,0,0.0,True,265,0.012,265,0.012,530,0.024
770,Saw Wave    ,52,-23,22050,0,0.0,True,132,0.006,132,0.006,264,0.012
771,Unknown,64,-23,22050,0,0.0,True,66,0.003,66,0.003,132,0.006
772,Unknown,76,-23,22050,0,0.0,True,33,0.0015,33,0.0015,66,0.003
773,Unknown,88,28,22050,0,0.0,True,17,0.0008,17,0.0008,34,0.0015
774,Unknown,101,23,22050,0,0.0,True,8,0.0004,16,0.0007,24,0.0011
775,Unknown,113,23,22050,0,0.0,True,4,0.0002,12,0.0005,16,0.0007
776,Unknown,118,25,22050,0,0.0,True,3,0.0001,12,0.0005,15,0.0007
777,Saw         ,53,-4,22050,0,0.0,True,5339,0.2421,126,0.0057,5465,0.2478
778,Saw         ,53,-4,22050,0,0.0,True,5339,0.2421,126,0.0057,5465,0.2478
779,Unknown,77,-4,22050,0,0.0,True,3461,0.157,63,0.0029,3524,0.1598
780,Unknown,95,-25,22050,0,0.0,True,366,0.0166,44,0.002,410,0.0186
781,Doctor Solo ,60,3,22050,0,0.0,True,2088,0.0947,3546,0.1608,5634,0.2555
782,Doctor Solo ,72,3,22050,0,0.0,True,2088,0.0947,3546,0.1608,5634,0.2555
783,Unknown,84,-2,22050,0,0.0,True,2192,0.0994,4125,0.1871,6317,0.2865
784,Unknown,86,2,22050,0,0.0,True,82,0.0037,9507,0.4312,9589,0.4349
785,Syn.Calliope,60,-6,22050,0,0.0,True,5542,0.2513,42,0.0019,5584,0.2532
786,Syn.Calliope,72,-6,22050,0,0.0,True,5542,0.2513,42,0.0019,5584,0.2532
787,Unknown,83,-25,22050,0,0.0,True,5913,0.2682,22,0.001,5935,0.2692
788,Chiffer Lead,60,1,22050,0,0.0,True,5879,0.2666,253,0.0115,6132,0.2781
789,Chiffer Lead,60,1,22050,0,0.0,True,5879,0.2666,253,0.0115,6132,0.2781
790,Unknown,84,35,22050,0,0.0,True,3188,0.1446,43,0.002,3231,0.1465
791,Unknown,97,10,22050,0,0.0,True,503,0.0228,10,0.0005,513,0.0233
792,Charang     ,66,-6,22050,0,0.0,True,844,0.0383,2376,0.1078,3220,0.146
793,Charang     ,79,-4,22050,0,0.0,True,1346,0.061,5219,0.2367,6565,0.2977
794,Solo Vox    ,69,6,22050,0,0.0,True,4157,0.1885,3520,0.1596,7677,0.3482
795,Solo Vox    ,81,6,22050,0,0.0,True,4157,0.1885,3520,0.1596,7677,0.3482
796,Unknown,81,6,22050,0,0.0,True,4157,0.1885,3520,0.1596,7677,0.3482
797,Unknown,91,1,22050,0,0.0,True,2237,0.1015,1660,0.0753,3897,0.1767
798,5th Saw Wave,48,4,22050,0,0.0,True,3213,0.1457,169,0.0077,3382,0.1534
799,5th Saw Wave,48,4,22050,0,0.0,True,3213,0.1457,169,0.0077,3382,0.1534
800,Unknown,72,-6,22050,0,0.0,True,2555,0.1159,42,0.0019,2597,0.1178
801,Unknown,72,-6,22050,0,0.0,True,2555,0.1159,42,0.0019,2597,0.1178
802,Unknown,96,-6,22050,0,0.0,True,2344,0.1063,21,0.001,2365,0.1073
803,Bass & Lead ,53,4,22050,0,0.0,True,3820,0.1732,1645,0.0746,5465,0.2478
804,Bass & Lead ,81,-12,22050,0,0.0,True,2374,0.1077,821,0.0372,3195,0.1449
805,Unknown,81,-12,22050,0,0.0,True,2374,0.1077,821,0.0372,3195,0.1449
806,Unknown,90,12,22050,0,0.0,True,299,0.0136,15,0.0007,314,0.0142
807,Fantasia    ,62,4,22050,0,0.0,True,399,0.0181,5380,0.244,5779,0.2621
808,Fantasia    ,74,4,22050,0,0.0,True,399,0.0181,5380,0.244,5779,0.2621
809,Unknown,74,4,22050,0,0.0,True,399,0.0181,5380,0.244,5779,0.2621
810,Unknown,86,-5,22050,0,0.0,True,684,0.031,2583,0.1171,3267,0.1482
811,Warm Pad    ,48,4,22050,0,0.0,True,6350,0.288,169,0.0077,6519,0.2956
812,Warm Pad    ,60,-6,22050,0,0.0,True,5713,0.2591,84,0.0038,5797,0.2629
813,Unknown,72,35,22050,0,0.0,True,4758,0.2158,43,0.002,4801,0.2177
814,Unknown,83,-25,22050,0,0.0,True,4663,0.2115,22,0.001,4685,0.2125
815,Unknown,95,-25,22050,0,0.0,True,3536,0.1604,11,0.0005,3547,0.1609
816,Polysynth   ,67,-4,22050,0,0.0,True,1346,0.061,5219,0.2367,6565,0.2977
817,Polysynth   ,79,-4,22050,0,0.0,True,1346,0.061,5219,0.2367,6565,0.2977
818,Unknown,79,-4,22050,0,0.0,True,1346,0.061,5219,0.2367,6565,0.2977
819,Unknown,79,-4,22050,0,0.0,True,1346,0.061,5219,0.2367,6565,0.2977
820,Space Voice ,49,10,22050,0,0.0,True,800,0.0363,160,0.0073,960,0.0435
821,Space Voice ,56,13,22050,0,0.0,True,731,0.0332,107,0.0049,838,0.038
822,Unknown,67,-8,22050,0,0.0,True,361,0.0164,56,0.0025,417,0.0189
823,Unknown,80,-3,22050,0,0.0,True,442,0.02,53,0.0024,495,0.0224
824,Unknown,97,10,22050,0,0.0,True,104,0.0047,10,0.0005,114,0.0052
825,Bowed Glass ,42,-10,22050,0,0.0,True,5284,0.2396,711,0.0322,5995,0.2719
826,Bowed Glass ,62,-10,22050,0,0.0,True,2699,0.1224,224,0.0102,2923,0.1326
827,Unknown,71,-6,22050,0,0.0,True,2848,0.1292,89,0.004,2937,0.1332
828,Unknown,84,-6,22050,0,0.0,True,2585,0.1172,21,0.001,2606,0.1182
829,Unknown,96,7,22050,0,0.0,True,1802,0.0817,201,0.0091,2003,0.0908
830,Metal Pad   ,68,-20,22050,0,0.0,True,3689,0.1673,8712,0.3951,12401,0.5624
831,Metal Pad   ,86,2,22050,0,0.0,True,82,0.0037,9507,0.4312,9589,0.4349
832,Unknown,79,-4,22050,0,0.0,True,1346,0.061,5219,0.2367,6565,0.2977
833,Halo Pad    ,48,3,22050,0,0.0,True,169,0.0077,10805,0.49,10974,0.4977
834,Halo Pad    ,69,3,22050,0,0.0,True,284,0.0129,10741,0.4871,11025,0.5
835,Unknown,86,2,22050,0,0.0,True,82,0.0037,9507,0.4312,9589,0.4349
836,Sweep Pad   ,67,-4,22050,0,0.0,True,2901,0.1316,1852,0.084,4753,0.2156
837,Sweep Pad   ,91,1,22050,0,0.0,True,2237,0.1015,1660,0.0753,3897,0.1767
838,Unknown,91,1,22050,0,0.0,True,2237,0.1015,1660,0.0753,3897,0.1767
839,Ice Rain    ,60,2,22050,0,0.0,True,8409,0.3814,3376,0.1531,11785,0.5345
840,Ice Rain    ,60,2,22050,0,0.0,True,8409,0.3814,3376,0.1531,11785,0.5345
841,Unknown,84,-3,22050,0,0.0,True,6590,0.2989,2902,0.1316,9492,0.4305
842,Unknown,84,-3,22050,0,0.0,True,6590,0.2989,2902,0.1316,9492,0.4305
843,Unknown,84,-3,22050,0,0.0,True,6590,0.2989,2902,0.1316,9492,0.4305
844,Unknown,60,2,22050,0,0.0,True,8409,0.3814,3376,0.1531,11785,0.5345
845,Soundtrack  ,64,3,22050,0,0.0,True,1428,0.0648,201,0.0091,1629,0.0739
846,Soundtrack  ,76,3,22050,0,0.0,True,1428,0.0648,201,0.0091,1629,0.0739
847,Unknown,88,3,22050,0,0.0,True,1428,0.0648,201,0.0091,1629,0.0739
848,Unknown,81,-12,22050,0,0.0,True,2374,0.1077,821,0.0372,3195,0.1449
849,Crystal     ,58,-11,22050,0,0.0,True,48,0.0022,47,0.0021,95,0.0043
850,Crystal     ,70,-11,22050,0,0.0,True,48,0.0022,47,0.0021,95,0.0043
851,Unknown,75,-21,22050,0,0.0,True,36,0.0016,35,0.0016,71,0.0032
852,Unknown,87,27,22050,0,0.0,True,38,0.0017,18,0.0008,56,0.0025
853,Unknown,88,-6,22050,0,0.0,True,50,0.0023,50,0.0023,100,0.0045
854,Syn Mallet  ,60,-6,22050,0,0.0,True,5013,0.2273,84,0.0038,5097,0.2312
855,Syn Mallet  ,60,-6,22050,0,0.0,True,5013,0.2273,84,0.0038,5097,0.2312
856,Unknown,84,-6,22050,0,0.0,True,3175,0.144,21,0.001,3196,0.1449
857,Atmosphere  ,66,-6,22050,0,0.0,True,844,0.0383,2376,0.1078,3220,0.146
858,Atmosphere  ,86,-5,22050,0,0.0,True,684,0.031,2583,0.1171,3267,0.1482
859,Brightness  ,60,3,22050,0,0.0,True,21,0.001,6246,0.2833,6267,0.2842
860,Brightness  ,72,3,22050,0,0.0,True,21,0.001,6246,0.2833,6267,0.2842
861,Unknown,84,3,22050,0,0.0,True,21,0.001,6246,0.2833,6267,0.2842
862,Goblin      ,68,-20,22050,0,0.0,True,3689,0.1673,8712,0.3951,12401,0.5624
863,Goblin      ,86,2,22050,0,0.0,True,82,0.0037,9507,0.4312,9589,0.4349
864,Unknown,79,-4,22050,0,0.0,True,1346,0.061,5219,0.2367,6565,0.2977
865,Echo Drops  ,43,0,22050,0,0.0,True,8834,0.4006,675,0.0306,9509,0.4312
866,Echo Drops  ,55,3,22050,0,0.0,True,5417,0.2457,338,0.0153,5755,0.261
867,Unknown,72,35,22050,0,0.0,True,3494,0.1585,43,0.002,3537,0.1604
868,Unknown,72,35,22050,0,0.0,True,3494,0.1585,43,0.002,3537,0.1604
869,Unknown,89,23,22050,0,0.0,True,458,0.0208,16,0.0007,474,0.0215
870,Echo Bell   ,43,0,22050,0,0.0,True,8834,0.4006,675,0.0306,9509,0.4312
871,Echo Bell   ,55,3,22050,0,0.0,True,5417,0.2457,338,0.0153,5755,0.261
872,Unknown,72,35,22050,0,0.0,True,3494,0.1585,43,0.002,3537,0.1604
873,Unknown,95,-25,22050,0,0.0,True,2406,0.1091,22,0.001,2428,0.1101
874,Echo Pan    ,61,50,22050,0,0.0,True,2324,0.1054,2277,0.1033,4601,0.2087
875,Echo Pan    ,85,40,22050,0,0.0,True,2504,0.1136,21,0.001,2525,0.1145
876,Unknown,89,23,22050,0,0.0,True,458,0.0208,16,0.0007,474,0.0215
877,Star Theme  ,60,-35,22050,0,0.0,True,469,0.0213,83,0.0038,552,0.025
878,Star Theme  ,76,-31,22050,0,0.0,True,445,0.0202,33,0.0015,478,0.0217
879,Unknown,95,-33,22050,0,0.0,True,345,0.0156,22,0.001,367,0.0166
880,Unknown,95,-25,22050,0,0.0,True,403,0.0183,11,0.0005,414,0.0188
881,Sitar       ,60,-27,22050,0,0.0,True,469,0.0213,83,0.0038,552,0.025
882,Sitar       ,76,-23,22050,0,0.0,True,445,0.0202,33,0.0015,478,0.0217
883,Unknown,95,-25,22050,0,0.0,True,345,0.0156,22,0.001,367,0.0166
884,Unknown,95,-25,22050,0,0.0,True,403,0.0183,11,0.0005,414,0.0188
885,Sitar 2     ,60,-27,22050,0,0.0,True,939,0.0426,83,0.0038,1022,0.0463
886,Sitar 2     ,60,-27,22050,0,0.0,True,939,0.0426,83,0.0038,1022,0.0463
887,Unknown,70,-11,22050,0,0.0,True,814,0.0369,188,0.0085,1002,0.0454
888,Unknown,83,-12,22050,0,0.0,True,521,0.0236,133,0.006,654,0.0297
889,Unknown,87,0,22050,0,0.0,True,3169,0.1437,496,0.0225,3665,0.1662
890,Unknown,88,-6,22050,0,0.0,True,50,0.0023,50,0.0023,100,0.0045
891,Banjo       ,57,47,22050,0,0.0,True,1065,0.0483,103,0.0047,1168,0.053
892,Banjo       ,57,47,22050,0,0.0,True,1065,0.0483,103,0.0047,1168,0.053
893,Unknown,68,-36,22050,0,0.0,True,806,0.0366,52,0.0024,858,0.0389
894,Unknown,80,29,22050,0,0.0,True,776,0.0352,27,0.0012,803,0.0364
895,Unknown,90,12,22050,0,0.0,True,349,0.0158,15,0.0007,364,0.0165
896,Unknown,88,-6,22050,0,0.0,True,50,0.0023,50,0.0023,100,0.0045
897,Shamisen    ,59,-25,22050,0,0.0,True,1755,0.0796,88,0.004,1843,0.0836
898,Shamisen    ,59,-25,22050,0,0.0,True,1755,0.0796,88,0.004,1843,0.0836
899,Unknown,80,-36,22050,0,0.0,True,1322,0.06,26,0.0012,1348,0.0611
900,Unknown,87,0,22050,0,0.0,True,3169,0.1437,496,0.0225,3665,0.1662
901,Unknown,88,-6,22050,0,0.0,True,50,0.0023,50,0.0023,100,0.0045
902,Koto        ,67,-3,22050,0,0.0,True,4574,0.2074,337,0.0153,4911,0.2227
903,Koto        ,67,-3,22050,0,0.0,True,4574,0.2074,337,0.0153,4911,0.2227
904,Unknown,79,-8,22050,0,0.0,True,3431,0.1556,112,0.0051,3543,0.1607
905,Unknown,88,-6,22050,0,0.0,True,50,0.0023,50,0.0023,100,0.0045
906,Taisho Koto ,58,25,22050,0,0.0,True,1446,0.0656,48,0.0022,1494,0.0678
907,Taisho Koto ,70,25,22050,0,0.0,True,1446,0.0656,48,0.0022,1494,0.0678
908,Unknown,96,6,22050,0,0.0,True,2033,0.0922,148,0.0067,2181,0.0989
909,Kalimba     ,53,1,22050,0,0.0,True,3407,0.1545,253,0.0115,3660,0.166
910,Kalimba     ,64,1,22050,0,0.0,True,2513,0.114,268,0.0122,2781,0.1261
911,Unknown,74,19,22050,0,0.0,True,1787,0.081,38,0.0017,1825,0.0828
912,Unknown,84,3,22050,0,0.0,True,1781,0.0808,169,0.0077,1950,0.0884
913,Unknown,93,24,22050,0,0.0,True,684,0.031,89,0.004,773,0.0351
914,Unknown,88,-75,22050,0,0.0,True,458,0.0208,16,0.0007,474,0.0215
915,Bagpipe     ,56,-3,22050,0,0.0,True,1341,0.0608,106,0.0048,1447,0.0656
916,Bagpipe     ,58,7,22050,0,0.0,True,1483,0.0673,95,0.0043,1578,0.0716
917,Unknown,64,3,22050,0,0.0,True,1330,0.0603,67,0.003,1397,0.0634
918,Unknown,68,-3,22050,0,0.0,True,1298,0.0589,53,0.0024,1351,0.0613
919,Unknown,74,-25,22050,0,0.0,True,1115,0.0506,37,0.0017,1152,0.0522
920,Unknown,83,-25,22050,0,0.0,True,934,0.0424,22,0.001,956,0.0434
921,Unknown,89,23,22050,0,0.0,True,458,0.0208,16,0.0007,474,0.0215
922,Unknown,92,-3,22050,0,0.0,True,868,0.0394,53,0.0024,921,0.0418
923,Fiddle      ,64,-7,22050,0,0.0,True,2513,0.114,268,0.0122,2781,0.1261
924,Fiddle      ,74,11,22050,0,0.0,True,1787,0.081,38,0.0017,1825,0.0828
925,Unknown,84,-5,22050,0,0.0,True,1781,0.0808,169,0.0077,1950,0.0884
926,Unknown,93,16,22050,0,0.0,True,684,0.031,89,0.004,773,0.0351
927,Unknown,96,-15,22050,0,0.0,True,1,0.0,21,0.001,22,0.001
928,Shanai      ,105,42,22050,0,0.0,True,152,0.0069,77,0.0035,229,0.0104
929,Shanai      ,105,42,22050,0,0.0,True,152,0.0069,77,0.0035,229,0.0104
930,Unknown,105,42,22050,0,0.0,True,152,0.0069,77,0.0035,229,0.0104
931,Unknown,105,42,22050,0,0.0,True,152,0.0069,77,0.0035,229,0.0104
932,Unknown,105,42,22050,0,0.0,True,152,0.0069,77,0.0035,229,0.0104
933,Unknown,105,42,22050,0,0.0,True,152,0.0069,77,0.0035,229,0.0104
934,Unknown,105,42,22050,0,0.0,True,152,0.0069,77,0.0035,229,0.0104
935,Unknown,105,42,22050,0,0.0,True,152,0.0069,77,0.0035,229,0.0104
936,Tinkle Bell ,67,0,22050,0,0.0,False,0,0.0,0,0.0,0,0.0
937,Tinkle Bell ,79,0,22050,0,0.0,False,0,0.0,0,0.0,0,0.0
938,Agogo       ,59,-29,22050,0,0.0,True,2661,0.1207,461,0.0209,3122,0.1416
939,Agogo       ,71,-29,22050,0,0.0,True,2661,0.1207,461,0.0209,3122,0.1416
940,Unknown,83,-29,22050,0,0.0,True,2661,0.1207,461,0.0209,3122,0.1416
941,Unknown,96,6,22050,0,0.0,True,2033,0.0922,148,0.0067,2181,0.0989
942,Steel Drums ,68,45,22050,0,0.0,False,0,0.0,0,0.0,0,0.0
943,Woodblock   ,60,0,22050,0,0.0,False,0,0.0,0,0.0,0,0.0
944,Castanets   ,60,-1,22050,0,0.0,True,3574,0.1621,1317,0.0597,4891,0.2218
945,Castanets   ,72,-1,22050,0,0.0,True,3574,0.1621,1317,0.0597,4891,0.2218
946,Taiko       ,60,-44,22050,0,0.0,False,0,0.0,0,0.0,0,0.0
947,Taiko       ,72,-44,22050,0,0.0,False,0,0.0,0,0.0,0,0.0
948,Unknown,84,-44,22050,0,0.0,False,0,0.0,0,0.0,0,0.0
949,Unknown,84,-44,22050,0,0.0,False,0,0.0,0,0.0,0,0.0
950,Unknown,84,-44,22050,0,0.0,False,0,0.0,0,0.0,0,0.0
951,Unknown,84,-44,22050,0,0.0,False,0,0.0,0,0.0,0,0.0
952,Unknown,84,-44,22050,0,0.0,False,0,0.0,0,0.0,0,0.0
953,Unknown,84,-44,22050,0,0.0,False,0,0.0,0,0.0,0,0.0
954,Unknown,84,-44,22050,0,0.0,False,0,0.0,0,0.0,0,0.0
955,Unknown,84,-44,22050,0,0.0,False,0,0.0,0,0.0,0,0.0
956,Unknown,84,-44,22050,0,0.0,False,0,0.0,0,0.0,0,0.0
957,Unknown,84,-44,22050,0,0.0,False,0,0.0,0,0.0,0,0.0
958,Concert BD  ,64,0,22050,0,0.0,True,5463,0.2478,1003,0.0455,6466,0.2932
959,Melo. Tom 1 ,67,50,22050,0,0.0,True,5463,0.2478,1003,0.0455,6466,0.2932
960,Melo. Tom 2 ,60,-36,22050,0,0.0,True,831,0.0377,104,0.0047,935,0.0424
961,Melo. Tom 2 ,72,-36,22050,0,0.0,True,831,0.0377,104,0.0047,935,0.0424
962,Synth Drum  ,64,-50,22050,0,0.0,True,48,0.0022,89,0.004,137,0.0062
963,808 Tom     ,59,0,22050,0,0.0,False,0,0.0,0,0.0,0,0.0
964,808 Tom     ,71,0,22050,0,0.0,False,0,0.0,0,0.0,0,0.0
965,Elec Perc.  ,63,-10,22050,0,0.0,True,2615,0.1186,5676,0.2574,8291,0.376
966,Reverse Cym.,69,0,22050,0,0.0,False,0,0.0,0,0.0,0,0.0
967,Gt.FretNoise,65,0,22050,0,0.0,False,0,0.0,0,0.0,0,0.0
968,Gt.FretNoise,66,0,22050,0,0.0,False,0,0.0,0,0.0,0,0.0
969,Gt.Cut Noise,75,-50,22050,0,0.0,False,0,0.0,0,0.0,0,0.0
970,String Slap ,84,-6,22050,0,0.0,True,942,0.0427,840,0.0381,1782,0.0808
971,String Slap ,96,-6,22050,0,0.0,True,484,0.022,399,0.0181,883,0.04
972,Unknown,97,10,22050,0,0.0,True,357,0.0162,10,0.0005,367,0.0166
973,Breath Noise,60,0,22050,0,0.0,False,0,0.0,0,0.0,0,0.0
974,Fl.Key Click,70,44,22050,0,0.0,True,1,0.0,13667,0.6198,13668,0.6199
975,Seashore    ,58,0,22050,0,0.0,True,1,0.0,13667,0.6198,13668,0.6199
976,Rain        ,103,9,22050,0,0.0,True,4443,0.2015,3535,0.1603,7978,0.3618
977,Thunder     ,55,0,22050,0,0.0,True,21,0.001,9362,0.4246,9383,0.4255
978,Wind        ,79,48,22050,0,0.0,True,611,0.0277,8934,0.4052,9545,0.4329
979,Stream      ,72,45,22050,0,0.0,True,33,0.0015,7168,0.3251,7201,0.3266
980,Bubble      ,77,13,22050,0,0.0,True,2536,0.115,1486,0.0674,4022,0.1824
981,Bird        ,71,20,22050,0,0.0,False,0,0.0,0,0.0,0,0.0
982,Dog         ,75,-13,22050,0,0.0,True,6,0.0003,3797,0.1722,3803,0.1725
983,Horse-Gallop,62,28,22050,0,0.0,True,13,0.0006,17,0.0008,30,0.0014
984,Bird 2      ,68,45,22050,0,0.0,True,10,0.0005,1505,0.0683,1515,0.0687
985,Telephone 1 ,72,1,22050,0,0.0,True,21,0.001,839,0.038,860,0.039
986,Telephone 2 ,85,0,22050,0,0.0,False,0,0.0,0,0.0,0,0.0
987,DoorCreaking,75,0,22050,0,0.0,False,0,0.0,0,0.0,0,0.0
988,Door        ,67,0,22050,0,0.0,False,0,0.0,0,0.0,0,0.0
989,Scratch     ,60,0,22050,0,0.0,True,3310,0.1501,9890,0.4485,13200,0.5986
990,Wind Chimes ,62,22,22050,0,0.0,True,7,0.0003,3878,0.1759,3885,0.1762
991,Helicopter  ,76,33,22050,0,0.0,True,4726,0.2143,2221,0.1007,6947,0.3151
992,Car-Engine  ,63,0,22050,0,0.0,True,15,0.0007,2950,0.1338,2965,0.1345
993,Car-Stop    ,72,-1,22050,0,0.0,True,13,0.0006,6500,0.2948,6513,0.2954
994,Car-Pass    ,80,0,22050,0,0.0,True,7,0.0003,5976,0.271,5983,0.2713
995,Car-Crash   ,83,16,22050,0,0.0,True,32,0.0015,1553,0.0704,1585,0.0719
996,Siren       ,80,6,22050,0,0.0,True,15,0.0007,7168,0.3251,7183,0.3258
997,Train       ,127,-12,22050,0,0.0,True,2615,0.1186,5676,0.2574,8291,0.376
998,Jetplane    ,89,33,22050,0,0.0,True,11,0.0005,1505,0.0683,1516,0.0688
999,Starship    ,67,1,22050,0,0.0,True,553,0.0251,17648,0.8004,18201,0.8254
1000,Burst Noise ,69,44,22050,0,0.0,True,32,0.0015,7231,0.3279,7263,0.3294
1001,Applause    ,64,0,22050,0,0.0,False,0,0.0,0,0.0,0,0.0
1002,Laughing    ,71,12,22050,0,0.0,False,0,0.0,0,0.0,0,0.0
1003,Screaming   ,77,0,22050,0,0.0,False,0,0.0,0,0.0,0,0.0
1004,Punch       ,95,45,22050,0,0.0,False,0,0.0,0,0.0,0,0.0
1005,Heart Beat  ,73,0,22050,0,0.0,False,0,0.0,0,0.0,0,0.0
1006,Footsteps   ,78,0,22050,0,0.0,False,0,0.0,0,0.0,0,0.0
1007,Gun Shot    ,71,0,22050,0,0.0,True,7,0.0003,834,0.0378,841,0.0381
1008,Machine Gun ,71,0,22050,0,0.0,False,0,0.0,0,0.0,0,0.0
1009,Lasergun    ,108,45,22050,0,0.0,True,7,0.0003,5976,0.271,5983,0.2713
1010,Explosion   ,27,45,22050,0,0.0,False,0,0.0,0,0.0,0,0.0
1011,Unknown,31,0,22050,0,0.0,False,0,0.0,0,0.0,0,0.0
1012,Unknown,36,0,22050,0,0.0,False,0,0.0,0,0.0,0,0.0
1013,Unknown,38,0,22050,0,0.0,False,0,0.0,0,0.0,0,0.0
1014,Unknown,36,0,22050,0,0.0,False,0,0.0,0,0.0,0,0.0
1015,Unknown,32,0,22050,0,0.0,False,0,0.0,0,0.0,0,0.0
1016,Unknown,31,20,22050,0,0.0,False,0,0.0,0,0.0,0,0.0
1017,Unknown,34,2,22050,0,0.0,True,750,0.034,129,0.0059,879,0.0399
1018,Unknown,34,-50,22050,0,0.0,False,0,0.0,0,0.0,0,0.0
1019,Unknown,36,0,22050,0,0.0,False,0,0.0,0,0.0,0,0.0
1020,Unknown,37,0,22050,0,0.0,False,0,0.0,0,0.0,0,0.0
1021,Unknown,38,0,22050,0,0.0,False,0,0.0,0,0.0,0,0.0
1022,Unknown,39,0,22050,0,0.0,False,0,0.0,0,0.0,0,0.0
1023,Unknown,40,0,22050,0,0.0,False,0,0.0,0,0.0,0,0.0
1024,Unknown,57,0,22050,0,0.0,True,5463,0.2478,1003,0.0455,6466,0.2932
1025,Unknown,42,0,22050,0,0.0,False,0,0.0,0,0.0,0,0.0
1026,Unknown,55,0,22050,0,0.0,True,5463,0.2478,1003,0.0455,6466,0.2932
1027,Unknown,43,-100,22050,0,0.0,False,0,0.0,0,0.0,0,0.0
1028,Unknown,54,0,22050,0,0.0,True,5463,0.2478,1003,0.0455,6466,0.2932
1029,Unknown,45,5,22050,0,0.0,True,5808,0.2634,3761,0.1706,9569,0.434
1030,Unknown,52,0,22050,0,0.0,True,5463,0.2478,1003,0.0455,6466,0.2932
1031,Unknown,50,0,22050,0,0.0,True,5463,0.2478,1003,0.0455,6466,0.2932
1032,Unknown,48,-12,22050,0,0.0,True,2615,0.1186,5676,0.2574,8291,0.376
1033,Unknown,48,0,22050,0,0.0,True,5463,0.2478,1003,0.0455,6466,0.2932
1034,Unknown,50,2,22050,0,0.0,True,4913,0.2228,4113,0.1865,9026,0.4093
1035,Unknown,53,10,22050,0,0.0,True,2067,0.0937,7039,0.3192,9106,0.413
1036,Unknown,59,-4,22050,0,0.0,True,4976,0.2257,3960,0.1796,8936,0.4053
1037,Unknown,54,0,22050,0,0.0,False,0,0.0,0,0.0,0,0.0
1038,Unknown,45,-12,22050,0,0.0,True,2615,0.1186,5676,0.2574,8291,0.376
1039,Unknown,62,45,22050,0,0.0,False,0,0.0,0,0.0,0,0.0
1040,Unknown,55,-12,22050,0,0.0,True,2615,0.1186,5676,0.2574,8291,0.376
1041,Unknown,62,0,22050,0,0.0,True,1643,0.0745,2405,0.1091,4048,0.1836
1042,Unknown,57,2,22050,0,0.0,True,4913,0.2228,4113,0.1865,9026,0.4093
1043,Unknown,62,80,22050,0,0.0,False,0,0.0,0,0.0,0,0.0
1044,Unknown,61,-30,22050,0,0.0,False,0,0.0,0,0.0,0,0.0
1045,Unknown,64,-20,22050,0,0.0,False,0,0.0,0,0.0,0,0.0
1046,Unknown,65,0,22050,0,0.0,False,0,0.0,0,0.0,0,0.0
1047,Unknown,71,0,22050,0,0.0,False,0,0.0,0,0.0,0,0.0
1048,Unknown,70,0,22050,0,0.0,False,0,0.0,0,0.0,0,0.0
1049,Unknown,76,0,22050,0,0.0,False,0,0.0,0,0.0,0,0.0
1050,Unknown,69,0,22050,0,0.0,False,0,0.0,0,0.0,0,0.0
1051,Unknown,75,0,22050,0,0.0,False,0,0.0,0,0.0,0,0.0
1052,Unknown,69,0,22050,0,0.0,False,0,0.0,0,0.0,0,0.0
1053,Unknown,70,0,22050,0,0.0,False,0,0.0,0,0.0,0,0.0
1054,Unknown,71,0,22050,0,0.0,False,0,0.0,0,0.0,0,0.0
1055,Unknown,72,0,22050,0,0.0,False,0,0.0,0,0.0,0,0.0
1056,Unknown,73,20,22050,0,0.0,False,0,0.0,0,0.0,0,0.0
1057,Unknown,79,0,22050,0,0.0,False,0,0.0,0,0.0,0,0.0
1058,Unknown,82,0,22050,0,0.0,False,0,0.0,0,0.0,0,0.0
1059,Unknown,76,45,22050,0,0.0,False,0,0.0,0,0.0,0,0.0
1060,Unknown,82,45,22050,0,0.0,False,0,0.0,0,0.0,0,0.0
1061,Unknown,88,45,22050,0,0.0,False,0,0.0,0,0.0,0,0.0
1062,Unknown,89,0,22050,0,0.0,False,0,0.0,0,0.0,0,0.0
1063,Unknown,81,0,22050,0,0.0,True,833,0.0378,961,0.0436,1794,0.0814
1064,Unknown,82,0,22050,0,0.0,True,833,0.0378,961,0.0436,1794,0.0814
1065,Unknown,82,0,22050,0,0.0,False,0,0.0,0,0.0,0,0.0
1066,Unknown,85,0,22050,0,0.0,False,0,0.0,0,0.0,0,0.0
1067,Unknown,90,0,22050,0,0.0,True,2901,0.1316,646,0.0293,3547,0.1609
1068,Unknown,85,0,22050,0,0.0,False,0,0.0,0,0.0,0,0.0
1069,Unknown,98,-1,22050,0,0.0,True,3574,0.1621,1317,0.0597,4891,0.2218
1070,Unknown,99,-1,22050,0,0.0,True,3574,0.1621,1317,0.0597,4891,0.2218
1071,Standard    ,27,45,22050,0,0.0,False,0,0.0,0,0.0,0,0.0
1072,Unknown,31,0,22050,0,0.0,False,0,0.0,0,0.0,0,0.0
1073,Unknown,36,0,22050,0,0.0,False,0,0.0,0,0.0,0,0.0
1074,Unknown,38,0,22050,0,0.0,False,0,0.0,0,0.0,0,0.0
1075,Unknown,36,0,22050,0,0.0,False,0,0.0,0,0.0,0,0.0
1076,Unknown,32,0,22050,0,0.0,False,0,0.0,0,0.0,0,0.0
1077,Unknown,31,20,22050,0,0.0,False,0,0.0,0,0.0,0,0.0
1078,Unknown,34,2,22050,0,0.0,True,750,0.034,129,0.0059,879,0.0399
1079,Unknown,34,-50,22050,0,0.0,False,0,0.0,0,0.0,0,0.0
1080,Unknown,36,0,22050,0,0.0,False,0,0.0,0,0.0,0,0.0
1081,Unknown,37,0,22050,0,0.0,False,0,0.0,0,0.0,0,0.0
1082,Unknown,38,0,22050,0,0.0,False,0,0.0,0,0.0,0,0.0
1083,Unknown,39,0,22050,0,0.0,False,0,0.0,0,0.0,0,0.0
1084,Unknown,40,0,22050,0,0.0,False,0,0.0,0,0.0,0,0.0
1085,Unknown,66,50,22050,0,0.0,True,5463,0.2478,1003,0.0455,6466,0.2932
1086,Unknown,42,0,22050,0,0.0,False,0,0.0,0,0.0,0,0.0
1087,Unknown,62,50,22050,0,0.0,True,5463,0.2478,1003,0.0455,6466,0.2932
1088,Unknown,43,-100,22050,0,0.0,False,0,0.0,0,0.0,0,0.0
1089,Unknown,58,50,22050,0,0.0,True,5463,0.2478,1003,0.0455,6466,0.2932
1090,Unknown,45,5,22050,0,0.0,True,5808,0.2634,3761,0.1706,9569,0.434
1091,Unknown,54,50,22050,0,0.0,True,5463,0.2478,1003,0.0455,6466,0.2932
1092,Unknown,50,50,22050,0,0.0,True,5463,0.2478,1003,0.0455,6466,0.2932
1093,Unknown,48,-12,22050,0,0.0,True,2615,0.1186,5676,0.2574,8291,0.376
1094,Unknown,46,50,22050,0,0.0,True,5463,0.2478,1003,0.0455,6466,0.2932
1095,Unknown,50,2,22050,0,0.0,True,4913,0.2228,4113,0.1865,9026,0.4093
1096,Unknown,53,10,22050,0,0.0,True,2067,0.0937,7039,0.3192,9106,0.413
1097,Unknown,59,-4,22050,0,0.0,True,4976,0.2257,3960,0.1796,8936,0.4053
1098,Unknown,54,0,22050,0,0.0,False,0,0.0,0,0.0,0,0.0
1099,Unknown,45,-12,22050,0,0.0,True,2615,0.1186,5676,0.2574,8291,0.376
1100,Unknown,62,45,22050,0,0.0,False,0,0.0,0,0.0,0,0.0
1101,Unknown,55,-12,22050,0,0.0,True,2615,0.1186,5676,0.2574,8291,0.376
1102,Unknown,62,0,22050,0,0.0,True,1643,0.0745,2405,0.1091,4048,0.1836
1103,Unknown,57,2,22050,0,0.0,True,4913,0.2228,4113,0.1865,9026,0.4093
1104,Unknown,62,80,22050,0,0.0,False,0,0.0,0,0.0,0,0.0
1105,Unknown,61,-30,22050,0,0.0,False,0,0.0,0,0.0,0,0.0
1106,Unknown,64,-20,22050,0,0.0,False,0,0.0,0,0.0,0,0.0
1107,Unknown,65,0,22050,0,0.0,False,0,0.0,0,0.0,0,0.0
1108,Unknown,71,0,22050,0,0.0,False,0,0.0,0,0.0,0,0.0
1109,Unknown,70,0,22050,0,0.0,False,0,0.0,0,0.0,0,0.0
1110,Unknown,76,0,22050,0,0.0,False,0,0.0,0,0.0,0,0.0
1111,Unknown,69,0,22050,0,0.0,False,0,0.0,0,0.0,0,0.0
1112,Unknown,75,0,22050,0,0.0,False,0,0.0,0,0.0,0,0.0
1113,Unknown,69,0,22050,0,0.0,False,0,0.0,0,0.0,0,0.0
1114,Unknown,70,0,22050,0,0.0,False,0,0.0,0,0.0,0,0.0
1115,Unknown,71,0,22050,0,0.0,False,0,0.0,0,0.0,0,0.0
1116,Unknown,72,0,22050,0,0.0,False,0,0.0,0,0.0,0,0.0
1117,Unknown,73,20,22050,0,0.0,False,0,0.0,0,0.0,0,0.0
1118,Unknown,79,0,22050,0,0.0,False,0,0.0,0,0.0,0,0.0
1119,Unknown,82,0,22050,0,0.0,False,0,0.0,0,0.0,0,0.0
1120,Unknown,76,45,22050,0,0.0,False,0,0.0,0,0.0,0,0.0
1121,Unknown,82,45,22050,0,0.0,False,0,0.0,0,0.0,0,0.0
1122,Unknown,88,45,22050,0,0.0,False,0,0.0,0,0.0,0,0.0
1123,Unknown,89,0,22050,0,0.0,False,0,0.0,0,0.0,0,0.0
1124,Unknown,81,0,22050,0,0.0,True,833,0.0378,961,0.0436,1794,0.0814
1125,Unknown,82,0,22050,0,0.0,True,833,0.0378,961,0.0436,1794,0.0814
1126,Unknown,82,0,22050,0,0.0,False,0,0.0,0,0.0,0,0.0
1127,Unknown,85,0,22050,0,0.0,False,0,0.0,0,0.0,0,0.0
1128,Unknown,90,0,22050,0,0.0,True,2901,0.1316,646,0.0293,3547,0.1609
1129,Unknown,85,0,22050,0,0.0,False,0,0.0,0,0.0,0,0.0
1130,Unknown,98,-1,22050,0,0.0,True,3574,0.1621,1317,0.0597,4891,0.2218
1131,Unknown,99,-1,22050,0,0.0,True,3574,0.1621,1317,0.0597,4891,0.2218
1132,Room        ,27,45,22050,0,0.0,False,0,0.0,0,0.0,0,0.0
1133,Unknown,31,0,22050,0,0.0,False,0,0.0,0,0.0,0,0.0
1134,Unknown,36,0,22050,0,0.0,False,0,0.0,0,0.0,0,0.0
1135,Unknown,38,0,22050,0,0.0,False,0,0.0,0,0.0,0,0.0
1136,Unknown,36,0,22050,0,0.0,False,0,0.0,0,0.0,0,0.0
1137,Unknown,32,0,22050,0,0.0,False,0,0.0,0,0.0,0,0.0
1138,Unknown,31,20,22050,0,0.0,False,0,0.0,0,0.0,0,0.0
1139,Unknown,34,2,22050,0,0.0,True,750,0.034,129,0.0059,879,0.0399
1140,Unknown,34,-50,22050,0,0.0,False,0,0.0,0,0.0,0,0.0
1141,Unknown,42,0,22050,0,0.0,False,0,0.0,0,0.0,0,0.0
1142,Unknown,37,0,22050,0,0.0,False,0,0.0,0,0.0,0,0.0
1143,Unknown,44,0,22050,0,0.0,False,0,0.0,0,0.0,0,0.0
1144,Unknown,39,0,22050,0,0.0,False,0,0.0,0,0.0,0,0.0
1145,Unknown,40,0,22050,0,0.0,False,0,0.0,0,0.0,0,0.0
1146,Unknown,66,50,22050,0,0.0,True,5463,0.2478,1003,0.0455,6466,0.2932
1147,Unknown,42,0,22050,0,0.0,False,0,0.0,0,0.0,0,0.0
1148,Unknown,62,50,22050,0,0.0,True,5463,0.2478,1003,0.0455,6466,0.2932
1149,Unknown,43,-100,22050,0,0.0,False,0,0.0,0,0.0,0,0.0
1150,Unknown,58,50,22050,0,0.0,True,5463,0.2478,1003,0.0455,6466,0.2932
1151,Unknown,45,5,22050,0,0.0,True,5808,0.2634,3761,0.1706,9569,0.434
1152,Unknown,54,50,22050,0,0.0,True,5463,0.2478,1003,0.0455,6466,0.2932
1153,Unknown,50,50,22050,0,0.0,True,5463,0.2478,1003,0.0455,6466,0.2932
1154,Unknown,48,-12,22050,0,0.0,True,2615,0.1186,5676,0.2574,8291,0.376
1155,Unknown,46,50,22050,0,0.0,True,5463,0.2478,1003,0.0455,6466,0.2932
1156,Unknown,50,2,22050,0,0.0,True,4913,0.2228,4113,0.1865,9026,0.4093
1157,Unknown,53,10,22050,0,0.0,True,2067,0.0937,7039,0.3192,9106,0.413
1158,Unknown,59,-4,22050,0,0.0,True,4976,0.2257,3960,0.1796,8936,0.4053
1159,Unknown,54,0,22050,0,0.0,False,0,0.0,0,0.0,0,0.0
1160,Unknown,45,-12,22050,0,0.0,True,2615,0.1186,5676,0.2574,8291,0.376
1161,Unknown,62,45,22050,0,0.0,False,0,0.0,0,0.0,0,0.0
1162,Unknown,55,-12,22050,0,0.0,True,2615,0.1186,5676,0.2574,8291,0.376
1163,Unknown,62,0,22050,0,0.0,True,1643,0.0745,2405,0.1091,4048,0.1836
1164,Unknown,57,2,22050,0,0.0,True,4913,0.2228,4113,0.1865,9026,0.4093
1165,Unknown,62,80,22050,0,0.0,False,0,0.0,0,0.0,0,0.0
1166,Unknown,61,-30,22050,0,0.0,False,0,0.0,0,0.0,0,0.0
1167,Unknown,64,-20,22050,0,0.0,False,0,0.0,0,0.0,0,0.0
1168,Unknown,65,0,22050,0,0.0,False,0,0.0,0,0.0,0,0.0
1169,Unknown,71,0,22050,0,0.0,False,0,0.0,0,0.0,0,0.0
1170,Unknown,70,0,22050,0,0.0,False,0,0.0,0,0.0,0,0.0
1171,Unknown,76,0,22050,0,0.0,False,0,0.0,0,0.0,0,0.0
1172,Unknown,69,0,22050,0,0.0,False,0,0.0,0,0.0,0,0.0
1173,Unknown,75,0,22050,0,0.0,False,0,0.0,0,0.0,0,0.0
1174,Unknown,69,0,22050,0,0.0,False,0,0.0,0,0.0,0,0.0
1175,Unknown,70,0,22050,0,0.0,False,0,0.0,0,0.0,0,0.0
1176,Unknown,71,0,22050,0,0.0,False,0,0.0,0,0.0,0,0.0
1177,Unknown,72,0,22050,0,0.0,False,0,0.0,0,0.0,0,0.0
1178,Unknown,73,20,22050,0,0.0,False,0,0.0,0,0.0,0,0.0
1179,Unknown,79,0,22050,0,0.0,False,0,0.0,0,0.0,0,0.0
1180,Unknown,82,0,22050,0,0.0,False,0,0.0,0,0.0,0,0.0
1181,Unknown,76,45,22050,0,0.0,False,0,0.0,0,0.0,0,0.0
1182,Unknown,82,45,22050,0,0.0,False,0,0.0,0,0.0,0,0.0
1183,Unknown,88,45,22050,0,0.0,False,0,0.0,0,0.0,0,0.0
1184,Unknown,89,0,22050,0,0.0,False,0,0.0,0,0.0,0,0.0
1185,Unknown,81,0,22050,0,0.0,True,833,0.0378,961,0.0436,1794,0.0814
1186,Unknown,82,0,22050,0,0.0,True,833,0.0378,961,0.0436,1794,0.0814
1187,Unknown,82,0,22050,0,0.0,False,0,0.0,0,0.0,0,0.0
1188,Unknown,85,0,22050,0,0.0,False,0,0.0,0,0.0,0,0.0
1189,Unknown,90,0,22050,0,0.0,True,2901,0.1316,646,0.0293,3547,0.1609
1190,Unknown,85,0,22050,0,0.0,False,0,0.0,0,0.0,0,0.0
1191,Unknown,98,-1,22050,0,0.0,True,3574,0.1621,1317,0.0597,4891,0.2218
1192,Unknown,99,-1,22050,0,0.0,True,3574,0.1621,1317,0.0597,4891,0.2218
1193,Power       ,27,45,22050,0,0.0,False,0,0.0,0,0.0,0,0.0
1194,Unknown,31,0,22050,0,0.0,False,0,0.0,0,0.0,0,0.0
1195,Unknown,36,0,22050,0,0.0,False,0,0.0,0,0.0,0,0.0
1196,Unknown,38,0,22050,0,0.0,False,0,0.0,0,0.0,0,0.0
1197,Unknown,36,0,22050,0,0.0,False,0,0.0,0,0.0,0,0.0
1198,Unknown,32,0,22050,0,0.0,False,0,0.0,0,0.0,0,0.0
1199,Unknown,31,20,22050,0,0.0,False,0,0.0,0,0.0,0,0.0
1200,Unknown,34,2,22050,0,0.0,True,750,0.034,129,0.0059,879,0.0399
1201,Unknown,34,-50,22050,0,0.0,False,0,0.0,0,0.0,0,0.0
1202,Unknown,47,0,22050,0,0.0,False,0,0.0,0,0.0,0,0.0
1203,Unknown,37,0,22050,0,0.0,False,0,0.0,0,0.0,0,0.0
1204,Unknown,37,0,22050,0,0.0,False,0,0.0,0,0.0,0,0.0
1205,Unknown,39,0,22050,0,0.0,False,0,0.0,0,0.0,0,0.0
1206,Unknown,46,0,22050,0,0.0,False,0,0.0,0,0.0,0,0.0
1207,Unknown,66,20,22050,0,0.0,True,831,0.0377,104,0.0047,935,0.0424
1208,Unknown,42,0,22050,0,0.0,False,0,0.0,0,0.0,0,0.0
1209,Unknown,64,20,22050,0,0.0,True,831,0.0377,104,0.0047,935,0.0424
1210,Unknown,43,-100,22050,0,0.0,False,0,0.0,0,0.0,0,0.0
1211,Unknown,62,20,22050,0,0.0,True,831,0.0377,104,0.0047,935,0.0424
1212,Unknown,45,5,22050,0,0.0,True,5808,0.2634,3761,0.1706,9569,0.434
1213,Unknown,61,20,22050,0,0.0,True,831,0.0377,104,0.0047,935,0.0424
1214,Unknown,57,20,22050,0,0.0,True,831,0.0377,104,0.0047,935,0.0424
1215,Unknown,48,-12,22050,0,0.0,True,2615,0.1186,5676,0.2574,8291,0.376
1216,Unknown,53,20,22050,0,0.0,True,831,0.0377,104,0.0047,935,0.0424
1217,Unknown,50,2,22050,0,0.0,True,4913,0.2228,4113,0.1865,9026,0.4093
1218,Unknown,55,-12,22050,0,0.0,True,2615,0.1186,5676,0.2574,8291,0.376
1219,Unknown,59,-4,22050,0,0.0,True,4976,0.2257,3960,0.1796,8936,0.4053
1220,Unknown,54,0,22050,0,0.0,False,0,0.0,0,0.0,0,0.0
1221,Unknown,45,-12,22050,0,0.0,True,2615,0.1186,5676,0.2574,8291,0.376
1222,Unknown,62,45,22050,0,0.0,False,0,0.0,0,0.0,0,0.0
1223,Unknown,55,-12,22050,0,0.0,True,2615,0.1186,5676,0.2574,8291,0.376
1224,Unknown,62,0,22050,0,0.0,True,1643,0.0745,2405,0.1091,4048,0.1836
1225,Unknown,57,2,22050,0,0.0,True,4913,0.2228,4113,0.1865,9026,0.4093
1226,Unknown,62,80,22050,0,0.0,False,0,0.0,0,0.0,0,0.0
1227,Unknown,61,-30,22050,0,0.0,False,0,0.0,0,0.0,0,0.0
1228,Unknown,64,-20,22050,0,0.0,False,0,0.0,0,0.0,0,0.0
1229,Unknown,65,0,22050,0,0.0,False,0,0.0,0,0.0,0,0.0
1230,Unknown,71,0,22050,0,0.0,False,0,0.0,0,0.0,0,0.0
1231,Unknown,70,0,22050,0,0.0,False,0,0.0,0,0.0,0,0.0
1232,Unknown,76,0,22050,0,0.0,False,0,0.0,0,0.0,0,0.0
1233,Unknown,69,0,22050,0,0.0,False,0,0.0,0,0.0,0,0.0
1234,Unknown,75,0,22050,0,0.0,False,0,0.0,0,0.0,0,0.0
1235,Unknown,69,0,22050,0,0.0,False,0,0.0,0,0.0,0,0.0
1236,Unknown,70,0,22050,0,0.0,False,0,0.0,0,0.0,0,0.0
1237,Unknown,71,0,22050,0,0.0,False,0,0.0,0,0.0,0,0.0
1238,Unknown,72,0,22050,0,0.0,False,0,0.0,0,0.0,0,0.0
1239,Unknown,73,20,22050,0,0.0,False,0,0.0,0,0.0,0,0.0
1240,Unknown,79,0,22050,0,0.0,False,0,0.0,0,0.0,0,0.0
1241,Unknown,82,0,22050,0,0.0,False,0,0.0,0,0.0,0,0.0
1242,Unknown,76,45,22050,0,0.0,False,0,0.0,0,0.0,0,0.0
1243,Unknown,82,45,22050,0,0.0,False,0,0.0,0,0.0,0,0.0
1244,Unknown,88,45,22050,0,0.0,False,0,0.0,0,0.0,0,0.0
1245,Unknown,89,0,22050,0,0.0,False,0,0.0,0,0.0,0,0.0
1246,Unknown,81,0,22050,0,0.0,True,833,0.0378,961,0.0436,1794,0.0814
1247,Unknown,82,0,22050,0,0.0,True,833,0.0378,961,0.0436,1794,0.0814
1248,Unknown,82,0,22050,0,0.0,False,0,0.0,0,0.0,0,0.0
1249,Unknown,85,0,22050,0,0.0,False,0,0.0,0,0.0,0,0.0
1250,Unknown,90,0,22050,0,0.0,True,2901,0.1316,646,0.0293,3547,0.1609
1251,Unknown,85,0,22050,0,0.0,False,0,0.0,0,0.0,0,0.0
1252,Unknown,98,-1,22050,0,0.0,True,3574,0.1621,1317,0.0597,4891,0.2218
1253,Unknown,99,-1,22050,0,0.0,True,3574,0.1621,1317,0.0597,4891,0.2218
1254,Electronic  ,27,45,22050,0,0.0,False,0,0.0,0,0.0,0,0.0
1255,Unknown,31,0,22050,0,0.0,False,0,0.0,0,0.0,0,0.0
1256,Unknown,36,0,22050,0,0.0,False,0,0.0,0,0.0,0,0.0
1257,Unknown,38,0,22050,0,0.0,False,0,0.0,0,0.0,0,0.0
1258,Unknown,36,0,22050,0,0.0,False,0,0.0,0,0.0,0,0.0
1259,Unknown,32,0,22050,0,0.0,False,0,0.0,0,0.0,0,0.0
1260,Unknown,31,20,22050,0,0.0,False,0,0.0,0,0.0,0,0.0
1261,Unknown,34,2,22050,0,0.0,True,750,0.034,129,0.0059,879,0.0399
1262,Unknown,34,-50,22050,0,0.0,False,0,0.0,0,0.0,0,0.0
1263,Unknown,65,10,22050,0,0.0,True,48,0.0022,89,0.004,137,0.0062
1264,Unknown,27,20,22050,0,0.0,False,0,0.0,0,0.0,0,0.0
1265,Unknown,38,0,22050,0,0.0,False,0,0.0,0,0.0,0,0.0
1266,Unknown,39,0,22050,0,0.0,False,0,0.0,0,0.0,0,0.0
1267,Unknown,40,0,22050,0,0.0,False,0,0.0,0,0.0,0,0.0
1268,Unknown,60,-60,22050,0,0.0,True,48,0.0022,89,0.004,137,0.0062
1269,Unknown,42,0,22050,0,0.0,True,2301,0.1044,2614,0.1185,4915,0.2229
1270,Unknown,59,-20,22050,0,0.0,True,48,0.0022,89,0.004,137,0.0062
1271,Unknown,44,0,22050,0,0.0,True,2301,0.1044,2614,0.1185,4915,0.2229
1272,Unknown,57,-60,22050,0,0.0,True,48,0.0022,89,0.004,137,0.0062
1273,Unknown,46,20,22050,0,0.0,True,2301,0.1044,2614,0.1185,4915,0.2229
1274,Unknown,54,-60,22050,0,0.0,True,48,0.0022,89,0.004,137,0.0062
1275,Unknown,52,-60,22050,0,0.0,True,48,0.0022,89,0.004,137,0.0062
1276,Unknown,39,60,22050,0,0.0,True,2067,0.0937,7039,0.3192,9106,0.413
1277,Unknown,50,-60,22050,0,0.0,True,48,0.0022,89,0.004,137,0.0062
1278,Unknown,50,2,22050,0,0.0,True,4913,0.2228,4113,0.1865,9026,0.4093
1279,Unknown,53,10,22050,0,0.0,True,2067,0.0937,7039,0.3192,9106,0.413
1280,Unknown,59,-4,22050,0,0.0,True,4976,0.2257,3960,0.1796,8936,0.4053
1281,Unknown,54,0,22050,0,0.0,False,0,0.0,0,0.0,0,0.0
1282,Unknown,45,-12,22050,0,0.0,True,2615,0.1186,5676,0.2574,8291,0.376
1283,Unknown,56,-20,22050,0,0.0,True,152,0.0069,79,0.0036,231,0.0105
1284,Unknown,55,-12,22050,0,0.0,True,2615,0.1186,5676,0.2574,8291,0.376
1285,Unknown,62,0,22050,0,0.0,True,1643,0.0745,2405,0.1091,4048,0.1836
1286,Unknown,57,2,22050,0,0.0,True,4913,0.2228,4113,0.1865,9026,0.4093
1287,Unknown,62,80,22050,0,0.0,False,0,0.0,0,0.0,0,0.0
1288,Unknown,61,-30,22050,0,0.0,False,0,0.0,0,0.0,0,0.0
1289,Unknown,70,-23,22050,0,0.0,True,17,0.0008,33,0.0015,50,0.0023
1290,Unknown,79,-45,22050,0,0.0,True,17,0.0008,33,0.0015,50,0.0023
1291,Unknown,86,-58,22050,0,0.0,True,17,0.0008,33,0.0015,50,0.0023
1292,Unknown,70,0,22050,0,0.0,False,0,0.0,0,0.0,0,0.0
1293,Unknown,76,0,22050,0,0.0,False,0,0.0,0,0.0,0,0.0
1294,Unknown,69,0,22050,0,0.0,False,0,0.0,0,0.0,0,0.0
1295,Unknown,75,0,22050,0,0.0,False,0,0.0,0,0.0,0,0.0
1296,Unknown,69,0,22050,0,0.0,False,0,0.0,0,0.0,0,0.0
1297,Unknown,70,0,22050,0,0.0,False,0,0.0,0,0.0,0,0.0
1298,Unknown,71,0,22050,0,0.0,False,0,0.0,0,0.0,0,0.0
1299,Unknown,72,0,22050,0,0.0,False,0,0.0,0,0.0,0,0.0
1300,Unknown,73,20,22050,0,0.0,False,0,0.0,0,0.0,0,0.0
1301,Unknown,79,0,22050,0,0.0,False,0,0.0,0,0.0,0,0.0
1302,Unknown,40,-30,22050,0,0.0,True,100,0.0045,133,0.006,233,0.0106
1303,Unknown,76,45,22050,0,0.0,False,0,0.0,0,0.0,0,0.0
1304,Unknown,82,45,22050,0,0.0,False,0,0.0,0,0.0,0,0.0
1305,Unknown,88,45,22050,0,0.0,False,0,0.0,0,0.0,0,0.0
1306,Unknown,89,0,22050,0,0.0,False,0,0.0,0,0.0,0,0.0
1307,Unknown,81,0,22050,0,0.0,True,833,0.0378,961,0.0436,1794,0.0814
1308,Unknown,82,0,22050,0,0.0,True,833,0.0378,961,0.0436,1794,0.0814
1309,Unknown,82,0,22050,0,0.0,False,0,0.0,0,0.0,0,0.0
1310,Unknown,85,0,22050,0,0.0,False,0,0.0,0,0.0,0,0.0
1311,Unknown,90,0,22050,0,0.0,True,2901,0.1316,646,0.0293,3547,0.1609
1312,Unknown,85,0,22050,0,0.0,False,0,0.0,0,0.0,0,0.0
1313,Unknown,98,-1,22050,0,0.0,True,3574,0.1621,1317,0.0597,4891,0.2218
1314,Unknown,99,-1,22050,0,0.0,True,3574,0.1621,1317,0.0597,4891,0.2218
1315,TR-808      ,27,45,22050,0,0.0,False,0,0.0,0,0.0,0,0.0
1316,Unknown,31,0,22050,0,0.0,False,0,0.0,0,0.0,0,0.0
1317,Unknown,36,0,22050,0,0.0,False,0,0.0,0,0.0,0,0.0
1318,Unknown,38,0,22050,0,0.0,False,0,0.0,0,0.0,0,0.0
1319,Unknown,36,0,22050,0,0.0,False,0,0.0,0,0.0,0,0.0
1320,Unknown,32,0,22050,0,0.0,False,0,0.0,0,0.0,0,0.0
1321,Unknown,31,20,22050,0,0.0,False,0,0.0,0,0.0,0,0.0
1322,Unknown,34,2,22050,0,0.0,True,750,0.034,129,0.0059,879,0.0399
1323,Unknown,28,-50,22050,0,0.0,False,0,0.0,0,0.0,0,0.0
1324,Unknown,34,0,22050,0,0.0,False,0,0.0,0,0.0,0,0.0
1325,Unknown,37,0,22050,0,0.0,False,0,0.0,0,0.0,0,0.0
1326,Unknown,38,0,22050,0,0.0,False,0,0.0,0,0.0,0,0.0
1327,Unknown,39,0,22050,0,0.0,False,0,0.0,0,0.0,0,0.0
1328,Unknown,40,0,22050,0,0.0,False,0,0.0,0,0.0,0,0.0
1329,Unknown,57,0,22050,0,0.0,True,5463,0.2478,1003,0.0455,6466,0.2932
1330,Unknown,42,0,22050,0,0.0,False,0,0.0,0,0.0,0,0.0
1331,Unknown,55,0,22050,0,0.0,True,5463,0.2478,1003,0.0455,6466,0.2932
1332,Unknown,43,-100,22050,0,0.0,False,0,0.0,0,0.0,0,0.0
1333,Unknown,54,0,22050,0,0.0,True,5463,0.2478,1003,0.0455,6466,0.2932
1334,Unknown,45,5,22050,0,0.0,True,5808,0.2634,3761,0.1706,9569,0.434
1335,Unknown,52,0,22050,0,0.0,True,5463,0.2478,1003,0.0455,6466,0.2932
1336,Unknown,50,0,22050,0,0.0,True,5463,0.2478,1003,0.0455,6466,0.2932
1337,Unknown,48,-12,22050,0,0.0,True,2615,0.1186,5676,0.2574,8291,0.376
1338,Unknown,48,0,22050,0,0.0,True,5463,0.2478,1003,0.0455,6466,0.2932
1339,Unknown,50,2,22050,0,0.0,True,4913,0.2228,4113,0.1865,9026,0.4093
1340,Unknown,53,10,22050,0,0.0,True,2067,0.0937,7039,0.3192,9106,0.413
1341,Unknown,59,-4,22050,0,0.0,True,4976,0.2257,3960,0.1796,8936,0.4053
1342,Unknown,54,0,22050,0,0.0,False,0,0.0,0,0.0,0,0.0
1343,Unknown,45,-12,22050,0,0.0,True,2615,0.1186,5676,0.2574,8291,0.376
1344,Unknown,62,45,22050,0,0.0,False,0,0.0,0,0.0,0,0.0
1345,Unknown,55,-12,22050,0,0.0,True,2615,0.1186,5676,0.2574,8291,0.376
1346,Unknown,62,0,22050,0,0.0,True,1643,0.0745,2405,0.1091,4048,0.1836
1347,Unknown,57,2,22050,0,0.0,True,4913,0.2228,4113,0.1865,9026,0.4093
1348,Unknown,62,80,22050,0,0.0,False,0,0.0,0,0.0,0,0.0
1349,Unknown,61,-30,22050,0,0.0,False,0,0.0,0,0.0,0,0.0
1350,Unknown,64,-20,22050,0,0.0,False,0,0.0,0,0.0,0,0.0
1351,Unknown,65,0,22050,0,0.0,False,0,0.0,0,0.0,0,0.0
1352,Unknown,71,0,22050,0,0.0,False,0,0.0,0,0.0,0,0.0
1353,Unknown,70,0,22050,0,0.0,False,0,0.0,0,0.0,0,0.0
1354,Unknown,76,0,22050,0,0.0,False,0,0.0,0,0.0,0,0.0
1355,Unknown,69,0,22050,0,0.0,False,0,0.0,0,0.0,0,0.0
1356,Unknown,75,0,22050,0,0.0,False,0,0.0,0,0.0,0,0.0
1357,Unknown,69,0,22050,0,0.0,False,0,0.0,0,0.0,0,0.0
1358,Unknown,70,0,22050,0,0.0,False,0,0.0,0,0.0,0,0.0
1359,Unknown,71,0,22050,0,0.0,False,0,0.0,0,0.0,0,0.0
1360,Unknown,72,0,22050,0,0.0,False,0,0.0,0,0.0,0,0.0
1361,Unknown,73,20,22050,0,0.0,False,0,0.0,0,0.0,0,0.0
1362,Unknown,79,0,22050,0,0.0,False,0,0.0,0,0.0,0,0.0
1363,Unknown,82,0,22050,0,0.0,False,0,0.0,0,0.0,0,0.0
1364,Unknown,76,45,22050,0,0.0,False,0,0.0,0,0.0,0,0.0
1365,Unknown,82,45,22050,0,0.0,False,0,0.0,0,0.0,0,0.0
1366,Unknown,88,45,22050,0,0.0,False,0,0.0,0,0.0,0,0.0
1367,Unknown,89,0,22050,0,0.0,False,0,0.0,0,0.0,0,0.0
1368,Unknown,81,0,22050,0,0.0,True,833,0.0378,961,0.0436,1794,0.0814
1369,Unknown,82,0,22050,0,0.0,True,833,0.0378,961,0.0436,1794,0.0814
1370,Unknown,82,0,22050,0,0.0,False,0,0.0,0,0.0,0,0.0
1371,Unknown,85,0,22050,0,0.0,False,0,0.0,0,0.0,0,0.0
1372,Unknown,90,0,22050,0,0.0,True,2901,0.1316,646,0.0293,3547,0.1609
1373,Unknown,85,0,22050,0,0.0,False,0,0.0,0,0.0,0,0.0
1374,Unknown,98,-1,22050,0,0.0,True,3574,0.1621,1317,0.0597,4891,0.2218
1375,Unknown,99,-1,22050,0,0.0,True,3574,0.1621,1317,0.0597,4891,0.2218
1376,Jazz        ,27,45,22050,0,0.0,False,0,0.0,0,0.0,0,0.0
1377,Unknown,31,0,22050,0,0.0,False,0,0.0,0,0.0,0,0.0
1378,Unknown,36,0,22050,0,0.0,False,0,0.0,0,0.0,0,0.0
1379,Unknown,38,0,22050,0,0.0,False,0,0.0,0,0.0,0,0.0
1380,Unknown,36,0,22050,0,0.0,False,0,0.0,0,0.0,0,0.0
1381,Unknown,32,0,22050,0,0.0,False,0,0.0,0,0.0,0,0.0
1382,Unknown,31,20,22050,0,0.0,False,0,0.0,0,0.0,0,0.0
1383,Unknown,34,2,22050,0,0.0,True,750,0.034,129,0.0059,879,0.0399
1384,Unknown,28,-50,22050,0,0.0,False,0,0.0,0,0.0,0,0.0
1385,Unknown,34,0,22050,0,0.0,False,0,0.0,0,0.0,0,0.0
1386,Unknown,37,0,22050,0,0.0,False,0,0.0,0,0.0,0,0.0
1387,Unknown,38,0,22050,0,0.0,False,0,0.0,0,0.0,0,0.0
1388,Unknown,40,0,22050,0,0.0,False,0,0.0,0,0.0,0,0.0
1389,Unknown,40,0,22050,0,0.0,True,24,0.0011,9096,0.4125,9120,0.4136
1390,Unknown,57,0,22050,0,0.0,True,5463,0.2478,1003,0.0455,6466,0.2932
1391,Unknown,42,0,22050,0,0.0,False,0,0.0,0,0.0,0,0.0
1392,Unknown,55,0,22050,0,0.0,True,5463,0.2478,1003,0.0455,6466,0.2932
1393,Unknown,43,-100,22050,0,0.0,False,0,0.0,0,0.0,0,0.0
1394,Unknown,54,0,22050,0,0.0,True,5463,0.2478,1003,0.0455,6466,0.2932
1395,Unknown,45,5,22050,0,0.0,True,5808,0.2634,3761,0.1706,9569,0.434
1396,Unknown,52,0,22050,0,0.0,True,5463,0.2478,1003,0.0455,6466,0.2932
1397,Unknown,50,0,22050,0,0.0,True,5463,0.2478,1003,0.0455,6466,0.2932
1398,Unknown,48,-12,22050,0,0.0,True,2615,0.1186,5676,0.2574,8291,0.376
1399,Unknown,48,0,22050,0,0.0,True,5463,0.2478,1003,0.0455,6466,0.2932
1400,Unknown,50,2,22050,0,0.0,True,4913,0.2228,4113,0.1865,9026,0.4093
1401,Unknown,53,10,22050,0,0.0,True,2067,0.0937,7039,0.3192,9106,0.413
1402,Unknown,59,-4,22050,0,0.0,True,4976,0.2257,3960,0.1796,8936,0.4053
1403,Unknown,54,0,22050,0,0.0,False,0,0.0,0,0.0,0,0.0
1404,Unknown,45,-12,22050,0,0.0,True,2615,0.1186,5676,0.2574,8291,0.376
1405,Unknown,62,45,22050,0,0.0,False,0,0.0,0,0.0,0,0.0
1406,Unknown,55,-12,22050,0,0.0,True,2615,0.1186,5676,0.2574,8291,0.376
1407,Unknown,62,0,22050,0,0.0,True,1643,0.0745,2405,0.1091,4048,0.1836
1408,Unknown,57,2,22050,0,0.0,True,4913,0.2228,4113,0.1865,9026,0.4093
1409,Unknown,62,80,22050,0,0.0,False,0,0.0,0,0.0,0,0.0
1410,Unknown,61,-30,22050,0,0.0,False,0,0.0,0,0.0,0,0.0
1411,Unknown,64,-20,22050,0,0.0,False,0,0.0,0,0.0,0,0.0
1412,Unknown,65,0,22050,0,0.0,False,0,0.0,0,0.0,0,0.0
1413,Unknown,71,0,22050,0,0.0,False,0,0.0,0,0.0,0,0.0
1414,Unknown,70,0,22050,0,0.0,False,0,0.0,0,0.0,0,0.0
1415,Unknown,76,0,22050,0,0.0,False,0,0.0,0,0.0,0,0.0
1416,Unknown,69,0,22050,0,0.0,False,0,0.0,0,0.0,0,0.0
1417,Unknown,75,0,22050,0,0.0,False,0,0.0,0,0.0,0,0.0
1418,Unknown,69,0,22050,0,0.0,False,0,0.0,0,0.0,0,0.0
1419,Unknown,70,0,22050,0,0.0,False,0,0.0,0,0.0,0,0.0
1420,Unknown,71,0,22050,0,0.0,False,0,0.0,0,0.0,0,0.0
1421,Unknown,72,0,22050,0,0.0,False,0,0.0,0,0.0,0,0.0
1422,Unknown,73,20,22050,0,0.0,False,0,0.0,0,0.0,0,0.0
1423,Unknown,79,0,22050,0,0.0,False,0,0.0,0,0.0,0,0.0
1424,Unknown,82,0,22050,0,0.0,False,0,0.0,0,0.0,0,0.0
1425,Unknown,76,45,22050,0,0.0,False,0,0.0,0,0.0,0,0.0
1426,Unknown,82,45,22050,0,0.0,False,0,0.0,0,0.0,0,0.0
1427,Unknown,88,45,22050,0,0.0,False,0,0.0,0,0.0,0,0.0
1428,Unknown,89,0,22050,0,0.0,False,0,0.0,0,0.0,0,0.0
1429,Unknown,81,0,22050,0,0.0,True,833,0.0378,961,0.0436,1794,0.0814
1430,Unknown,82,0,22050,0,0.0,True,833,0.0378,961,0.0436,1794,0.0814
1431,Unknown,82,0,22050,0,0.0,False,0,0.0,0,0.0,0,0.0
1432,Unknown,85,0,22050,0,0.0,False,0,0.0,0,0.0,0,0.0
1433,Unknown,90,0,22050,0,0.0,True,2901,0.1316,646,0.0293,3547,0.1609
1434,Unknown,85,0,22050,0,0.0,False,0,0.0,0,0.0,0,0.0
1435,Unknown,98,-1,22050,0,0.0,True,3574,0.1621,1317,0.0597,4891,0.2218
1436,Unknown,99,-1,22050,0,0.0,True,3574,0.1621,1317,0.0597,4891,0.2218
1437,Brush       ,27,0,22050,0,0.0,False,0,0.0,0,0.0,0,0.0
1438,Unknown,27,-30,22050,0,0.0,False,0,0.0,0,0.0,0,0.0
1439,Unknown,28,5,22050,0,0.0,True,5808,0.2634,3761,0.1706,9569,0.434
1440,Unknown,29,2,22050,0,0.0,True,4913,0.2228,4113,0.1865,9026,0.4093
1441,Unknown,36,0,22050,0,0.0,False,0,0.0,0,0.0,0,0.0
1442,Unknown,32,0,22050,0,0.0,False,0,0.0,0,0.0,0,0.0
1443,Unknown,31,20,22050,0,0.0,False,0,0.0,0,0.0,0,0.0
1444,Unknown,34,2,22050,0,0.0,True,750,0.034,129,0.0059,879,0.0399
1445,Unknown,36,-50,22050,0,0.0,False,0,0.0,0,0.0,0,0.0
1446,Unknown,60,-44,22050,0,0.0,False,0,0.0,0,0.0,0,0.0
1447,Unknown,37,0,22050,0,0.0,False,0,0.0,0,0.0,0,0.0
1448,Unknown,35,0,22050,0,0.0,False,0,0.0,0,0.0,0,0.0
1449,Unknown,39,0,22050,0,0.0,False,0,0.0,0,0.0,0,0.0
1450,Unknown,37,0,22050,0,0.0,False,0,0.0,0,0.0,0,0.0
1451,Unknown,55,-44,22050,0,0.0,False,0,0.0,0,0.0,0,0.0
1452,Unknown,55,-44,22050,0,0.0,False,0,0.0,0,0.0,0,0.0
1453,Unknown,55,-44,22050,0,0.0,False,0,0.0,0,0.0,0,0.0
1454,Unknown,55,-44,22050,0,0.0,False,0,0.0,0,0.0,0,0.0
1455,Unknown,55,-44,22050,0,0.0,False,0,0.0,0,0.0,0,0.0
1456,Unknown,55,-44,22050,0,0.0,False,0,0.0,0,0.0,0,0.0
1457,Unknown,55,-44,22050,0,0.0,False,0,0.0,0,0.0,0,0.0
1458,Unknown,55,-44,22050,0,0.0,False,0,0.0,0,0.0,0,0.0
1459,Unknown,55,-44,22050,0,0.0,False,0,0.0,0,0.0,0,0.0
1460,Unknown,55,-44,22050,0,0.0,False,0,0.0,0,0.0,0,0.0
1461,Unknown,55,-44,22050,0,0.0,False,0,0.0,0,0.0,0,0.0
1462,Unknown,55,-44,22050,0,0.0,False,0,0.0,0,0.0,0,0.0
1463,Unknown,55,-44,22050,0,0.0,False,0,0.0,0,0.0,0,0.0
1464,Unknown,54,0,22050,0,0.0,False,0,0.0,0,0.0,0,0.0
1465,Unknown,45,-12,22050,0,0.0,True,2615,0.1186,5676,0.2574,8291,0.376
1466,Unknown,62,45,22050,0,0.0,False,0,0.0,0,0.0,0,0.0
1467,Unknown,61,-12,22050,0,0.0,True,2615,0.1186,5676,0.2574,8291,0.376
1468,Unknown,62,0,22050,0,0.0,True,1643,0.0745,2405,0.1091,4048,0.1836
1469,Unknown,58,-12,22050,0,0.0,True,2615,0.1186,5676,0.2574,8291,0.376
1470,Unknown,62,80,22050,0,0.0,False,0,0.0,0,0.0,0,0.0
1471,Unknown,61,-30,22050,0,0.0,False,0,0.0,0,0.0,0,0.0
1472,Unknown,64,-20,22050,0,0.0,False,0,0.0,0,0.0,0,0.0
1473,Unknown,65,0,22050,0,0.0,False,0,0.0,0,0.0,0,0.0
1474,Unknown,71,0,22050,0,0.0,False,0,0.0,0,0.0,0,0.0
1475,Unknown,70,0,22050,0,0.0,False,0,0.0,0,0.0,0,0.0
1476,Unknown,76,0,22050,0,0.0,False,0,0.0,0,0.0,0,0.0
1477,Unknown,69,0,22050,0,0.0,False,0,0.0,0,0.0,0,0.0
1478,Unknown,75,0,22050,0,0.0,False,0,0.0,0,0.0,0,0.0
1479,Unknown,69,0,22050,0,0.0,False,0,0.0,0,0.0,0,0.0
1480,Unknown,70,0,22050,0,0.0,False,0,0.0,0,0.0,0,0.0
1481,Unknown,71,0,22050,0,0.0,False,0,0.0,0,0.0,0,0.0
1482,Unknown,72,0,22050,0,0.0,False,0,0.0,0,0.0,0,0.0
1483,Unknown,73,20,22050,0,0.0,False,0,0.0,0,0.0,0,0.0
1484,Unknown,79,0,22050,0,0.0,False,0,0.0,0,0.0,0,0.0
1485,Unknown,82,0,22050,0,0.0,False,0,0.0,0,0.0,0,0.0
1486,Unknown,76,45,22050,0,0.0,False,0,0.0,0,0.0,0,0.0
1487,Unknown,82,45,22050,0,0.0,False,0,0.0,0,0.0,0,0.0
1488,Unknown,88,45,22050,0,0.0,False,0,0.0,0,0.0,0,0.0
1489,Unknown,89,0,22050,0,0.0,False,0,0.0,0,0.0,0,0.0
1490,Unknown,81,0,22050,0,0.0,True,833,0.0378,961,0.0436,1794,0.0814
1491,Unknown,82,0,22050,0,0.0,True,833,0.0378,961,0.0436,1794,0.0814
1492,Unknown,82,0,22050,0,0.0,False,0,0.0,0,0.0,0,0.0
1493,Unknown,85,0,22050,0,0.0,False,0,0.0,0,0.0,0,0.0
1494,Unknown,90,0,22050,0,0.0,True,2901,0.1316,646,0.0293,3547,0.1609
1495,Unknown,85,0,22050,0,0.0,False,0,0.0,0,0.0,0,0.0
1496,Unknown,98,-1,22050,0,0.0,True,3574,0.1621,1317,0.0597,4891,0.2218
1497,Unknown,99,-1,22050,0,0.0,True,3574,0.1621,1317,0.0597,4891,0.2218
1498,Unknown,98,44,22050,0,0.0,True,32,0.0015,7231,0.3279,7263,0.3294
1499,Orchestra   ,39,45,22050,0,0.0,False,0,0.0,0,0.0,0,0.0
1500,Unknown,43,0,22050,0,0.0,False,0,0.0,0,0.0,0,0.0
1501,Unknown,48,0,22050,0,0.0,False,0,0.0,0,0.0,0,0.0
1502,Unknown,50,0,22050,0,0.0,False,0,0.0,0,0.0,0,0.0
1503,Unknown,48,0,22050,0,0.0,False,0,0.0,0,0.0,0,0.0
1504,Unknown,44,0,22050,0,0.0,False,0,0.0,0,0.0,0,0.0
1505,Unknown,43,20,22050,0,0.0,False,0,0.0,0,0.0,0,0.0
1506,Unknown,46,2,22050,0,0.0,True,750,0.034,129,0.0059,879,0.0399
1507,Unknown,56,0,22050,0,0.0,False,0,0.0,0,0.0,0,0.0
1508,Unknown,53,0,22050,0,0.0,False,0,0.0,0,0.0,0,0.0
1509,Unknown,54,0,22050,0,0.0,False,0,0.0,0,0.0,0,0.0
1510,Unknown,66,-50,22050,0,0.0,False,0,0.0,0,0.0,0,0.0
1511,Unknown,51,0,22050,0,0.0,False,0,0.0,0,0.0,0,0.0
1512,Unknown,56,0,22050,0,0.0,False,0,0.0,0,0.0,0,0.0
1513,Unknown,64,12,22050,0,0.0,False,0,0.0,0,0.0,0,0.0
1514,Unknown,71,0,22050,0,0.0,False,0,0.0,0,0.0,0,0.0
1515,Unknown,90,45,22050,0,0.0,False,0,0.0,0,0.0,0,0.0
1516,Unknown,74,0,22050,0,0.0,False,0,0.0,0,0.0,0,0.0
1517,Unknown,70,33,22050,0,0.0,False,0,0.0,0,0.0,0,0.0
1518,Unknown,68,44,22050,0,0.0,True,32,0.0015,7231,0.3279,7263,0.3294
1519,Unknown,84,0,22050,0,0.0,False,0,0.0,0,0.0,0,0.0
1520,Unknown,75,0,22050,0,0.0,False,0,0.0,0,0.0,0,0.0
1521,Unknown,68,0,22050,0,0.0,False,0,0.0,0,0.0,0,0.0
1522,Unknown,62,0,22050,0,0.0,True,3310,0.1501,9890,0.4485,13200,0.5986
1523,Unknown,79,33,22050,0,0.0,True,4726,0.2143,2221,0.1007,6947,0.3151
1524,Unknown,67,0,22050,0,0.0,True,15,0.0007,2950,0.1338,2965,0.1345
1525,Unknown,77,-1,22050,0,0.0,True,13,0.0006,6500,0.2948,6513,0.2954
1526,Unknown,86,45,22050,0,0.0,True,7,0.0003,5976,0.271,5983,0.2713
1527,Unknown,90,16,22050,0,0.0,True,32,0.0015,1553,0.0704,1585,0.0719
1528,Unknown,88,6,22050,0,0.0,True,15,0.0007,7168,0.3251,7183,0.3258
1529,Unknown,127,-12,22050,0,0.0,True,2615,0.1186,5676,0.2574,8291,0.376
1530,Unknown,72,22,22050,0,0.0,True,7,0.0003,3878,0.1759,3885,0.1762
1531,Unknown,78,33,22050,0,0.0,True,11,0.0005,1505,0.0683,1516,0.0688
1532,Unknown,90,0,22050,0,0.0,False,0,0.0,0,0.0,0,0.0
1533,Unknown,84,0,22050,0,0.0,True,7,0.0003,834,0.0378,841,0.0381
1534,Unknown,85,0,22050,0,0.0,False,0,0.0,0,0.0,0,0.0
1535,Unknown,123,45,22050,0,0.0,True,7,0.0003,5976,0.271,5983,0.2713
1536,Unknown,87,20,22050,0,0.0,False,0,0.0,0,0.0,0,0.0
1537,Unknown,92,-13,22050,0,0.0,True,6,0.0003,3797,0.1722,3803,0.1725
1538,Unknown,95,13,22050,0,0.0,True,2536,0.115,1486,0.0674,4022,0.1824
1539,Unknown,77,0,22050,0,0.0,True,1,0.0,13667,0.6198,13668,0.6199
1540,Unknown,123,9,22050,0,0.0,True,4443,0.2015,3535,0.1603,7978,0.3618
1541,Unknown,76,0,22050,0,0.0,True,21,0.001,9362,0.4246,9383,0.4255
1542,Unknown,92,44,22050,0,0.0,True,1,0.0,13667,0.6198,13668,0.6199
1543,Unknown,102,48,22050,0,0.0,True,611,0.0277,8934,0.4052,9545,0.4329
1544,Unknown,96,45,22050,0,0.0,True,33,0.0015,7168,0.3251,7201,0.3266
1545,101BS35,59,33,22050,1445,0.0655,True,1353,0.0614,91,0.0041,1444,0.0655
1546,101BS48,72,35,22050,1424,0.0646,True,1380,0.0626,43,0.002,1423,0.0645
1547,12STR55A,55,2,22050,6012,0.2727,True,5448,0.2471,563,0.0255,6011,0.2726
1548,12STR79A,79,-1,22050,3125,0.1417,True,2337,0.106,787,0.0357,3124,0.1417
1549,12STR89A,89,-6,22050,2410,0.1093,True,1827,0.0829,582,0.0264,2409,0.1093
1550,5_SAW81,69,6,22050,7678,0.3482,True,4157,0.1885,3520,0.1596,7677,0.3482
1551,60ORG67,67,-8,22050,244,0.0111,True,187,0.0085,56,0.0025,243,0.011
1552,60ORG91,91,-8,22050,101,0.0046,True,86,0.0039,14,0.0006,100,0.0045
1553,60ORG96,97,10,22050,98,0.0044,True,87,0.0039,10,0.0005,97,0.0044
1554,60PNO43,48,-6,22050,1096,0.0497,True,927,0.042,168,0.0076,1095,0.0497
1555,60PNO48,53,-4,22050,655,0.0297,True,402,0.0182,252,0.0114,654,0.0297
1556,60PNO58,64,3,22050,1044,0.0473,True,909,0.0412,134,0.0061,1043,0.0473
1557,60PNO66,70,-11,22050,1041,0.0472,True,946,0.0429,94,0.0043,1040,0.0472
1558,60PNO80,83,1,22050,1004,0.0455,True,936,0.0424,67,0.003,1003,0.0455
1559,60PNO86,87,-5,22050,958,0.0434,True,904,0.041,53,0.0024,957,0.0434
1560,60PNO92,93,-4,22050,771,0.035,True,695,0.0315,75,0.0034,770,0.0349
1561,808CW64,56,-20,22050,232,0.0105,True,152,0.0069,79,0.0036,231,0.0105
1562,808MC64,82,0,22050,841,0.0381,False,0,0.0,0,0.0,0,0.0
1563,808OH60A,42,0,22050,4916,0.2229,True,2301,0.1044,2614,0.1185,4915,0.2229
1564,808SD60,38,0,22050,1579,0.0716,False,0,0.0,0,0.0,0,0.0
1565,ACCFR68A,68,0,22050,3762,0.1706,True,2752,0.1248,1009,0.0458,3761,0.1706
1566,ACCFR96A,96,-6,22050,2160,0.098,True,2075,0.0941,84,0.0038,2159,0.0979
1567,ACOBS32A,32,5,22050,8241,0.3737,True,7814,0.3544,426,0.0193,8240,0.3737
1568,ACOBS43A,43,4,22050,6991,0.3171,True,6539,0.2966,451,0.0205,6990,0.317
1569,ACOBS60A,60,15,22050,2725,0.1236,True,2639,0.1197,85,0.0039,2724,0.1235
1570,AGOGO60,67,0,22050,1539,0.0698,False,0,0.0,0,0.0,0,0.0
1571,APPLS64A,69,44,24000,7264,0.3027,True,32,0.0013,7231,0.3013,7263,0.3026
1572,ATMOS60A,60,-6,22050,5098,0.2312,True,5013,0.2273,84,0.0038,5097,0.2312
1573,ATMOS84,84,-6,22050,3197,0.145,True,3175,0.144,21,0.001,3196,0.1449
1574,A_SAX53,41,-11,22050,2611,0.1184,True,2359,0.107,251,0.0114,2610,0.1184
1575,A_SAX59,47,14,22050,1267,0.0575,True,1086,0.0493,180,0.0082,1266,0.0574
1576,A_SAX63,51,27,22050,1256,0.057,True,1111,0.0504,144,0.0065,1255,0.0569
1577,A_SAX69,57,13,22050,1200,0.0544,True,1098,0.0498,101,0.0046,1199,0.0544
1578,A_SAX77,65,23,22050,748,0.0339,True,683,0.031,64,0.0029,747,0.0339
1579,A_SAX87,75,-21,22050,1186,0.0538,True,1150,0.0522,35,0.0016,1185,0.0537
1580,A_SAX96,83,-25,22050,723,0.0328,True,678,0.0307,44,0.002,722,0.0327
1581,A_SAXA5,92,-36,22050,355,0.0161,True,302,0.0137,52,0.0024,354,0.0161
1582,BAGPP53A,54,1,22050,3661,0.166,True,3407,0.1545,253,0.0115,3660,0.166
1583,BAGPP64A,65,1,22050,2782,0.1262,True,2513,0.114,268,0.0122,2781,0.1261
1584,BAGPP74A,75,19,22050,1826,0.0828,True,1787,0.081,38,0.0017,1825,0.0828
1585,BAGPP84A,85,3,22050,1951,0.0885,True,1781,0.0808,169,0.0077,1950,0.0884
1586,BAGPP93A,94,24,22050,774,0.0351,True,684,0.031,89,0.004,773,0.0351
1587,BANDO64,64,3,22050,791,0.0359,True,723,0.0328,67,0.003,790,0.0358
1588,BANDO74,74,21,22050,589,0.0267,True,512,0.0232,76,0.0034,588,0.0267
1589,BANJO60,60,-27,22050,1023,0.0464,True,939,0.0426,83,0.0038,1022,0.0463
1590,BANJO70,70,-11,22050,1003,0.0455,True,814,0.0369,188,0.0085,1002,0.0454
1591,BANJO83,83,-12,22050,655,0.0297,True,521,0.0236,133,0.006,654,0.0297
1592,BASSN44,44,-3,22050,774,0.0351,True,561,0.0254,212,0.0096,773,0.0351
1593,BASSN69,69,-39,22050,255,0.0116,True,205,0.0093,49,0.0022,254,0.0115
1594,BELTR60,90,0,22050,3548,0.1609,True,2901,0.1316,646,0.0293,3547,0.1609
1595,BIRD_60,77,13,22050,4023,0.1824,True,2536,0.115,1486,0.0674,4022,0.1824
1596,BOTTL72,60,-6,22050,2026,0.0919,True,1983,0.0899,42,0.0019,2025,0.0918
1597,BOTTL84,84,-6,22050,1009,0.0458,True,987,0.0448,21,0.001,1008,0.0457
1598,BRASS64,64,-23,22050,5872,0.2663,True,5805,0.2633,66,0.003,5871,0.2663
1599,BRASS72A,72,2,22050,7453,0.338,True,7241,0.3284,211,0.0096,7452,0.338
1600,BRASS84A,84,0,22050,8189,0.3714,True,7893,0.358,295,0.0134,8188,0.3713
1601,BRASS96A,96,35,22050,5227,0.2371,True,5183,0.2351,43,0.002,5226,0.237
1602,BSLAP60,75,-50,22050,1793,0.0813,False,0,0.0,0,0.0,0,0.0
1603,BSWRL60,40,0,22050,9121,0.4137,True,24,0.0011,9096,0.4125,9120,0.4136
1604,BS_LD48,48,4,22050,3383,0.1534,True,3213,0.1457,169,0.0077,3382,0.1534
1605,BS_LD72,72,-6,22050,2598,0.1178,True,2555,0.1159,42,0.0019,2597,0.1178
1606,BS_LD96,96,-6,22050,2366,0.1073,True,2344,0.1063,21,0.001,2365,0.1073
1607,BUBLE68A,72,45,24000,7202,0.3001,True,33,0.0014,7168,0.2987,7201,0.3
1608,BURST64A,67,1,22050,18202,0.8255,True,553,0.0251,17648,0.8004,18201,0.8254
1609,B_SAX38,38,-8,22050,764,0.0346,True,464,0.021,299,0.0136,763,0.0346
1610,B_SAX48,48,-6,22050,607,0.0275,True,438,0.0199,168,0.0076,606,0.0275
1611,B_SAX59,59,14,22050,662,0.03,True,571,0.0259,90,0.0041,661,0.03
1612,B_SAX86,86,21,22050,213,0.0097,True,193,0.0088,19,0.0009,212,0.0096
1613,B_SAXB0A,109,10,22050,74,0.0034,True,63,0.0029,10,0.0005,73,0.0033
1614,B_TAP64,38,0,22050,2254,0.1022,False,0,0.0,0,0.0,0,0.0
1615,CABA_60,69,0,22050,1107,0.0502,False,0,0.0,0,0.0,0,0.0
1616,CALLI72,60,3,22050,5635,0.2556,True,2088,0.0947,3546,0.1608,5634,0.2555
1617,CALLI84,84,-2,22050,6318,0.2865,True,2192,0.0994,4125,0.1871,6317,0.2865
1618,CAST_60,60,0,22050,375,0.017,False,0,0.0,0,0.0,0,0.0
1619,CELLH64,64,3,22050,797,0.0361,True,729,0.0331,67,0.003,796,0.0361
1620,CELLL64,53,-14,22050,1105,0.0501,True,603,0.0273,501,0.0227,1104,0.0501
1621,CELLO28,28,-13,22050,1783,0.0809,True,1251,0.0567,531,0.0241,1782,0.0808
1622,CELLO41,41,3,22050,1067,0.0484,True,813,0.0369,253,0.0115,1066,0.0483
1623,CELLO76,76,-23,22050,487,0.0221,True,453,0.0205,33,0.0015,486,0.022
1624,CELST77,65,-4,22050,545,0.0247,True,292,0.0132,252,0.0114,544,0.0247
1625,CELSTA1,101,-32,22050,144,0.0065,True,81,0.0037,62,0.0028,143,0.0065
1626,CHFFR72A,60,-6,22050,5585,0.2533,True,5542,0.2513,42,0.0019,5584,0.2532
1627,CHFFR84,83,-25,22050,5936,0.2692,True,5913,0.2682,22,0.001,5935,0.2692
1628,CHH__60A,42,0,22050,1344,0.061,False,0,0.0,0,0.0,0,0.0
1629,CHINA60A,53,10,22050,9107,0.413,True,2067,0.0937,7039,0.3192,9106,0.413
1630,CHOIR65A,68,-20,22050,12402,0.5624,True,3689,0.1673,8712,0.3951,12401,0.5624
1631,CHRNG60,60,1,22050,6133,0.2781,True,5879,0.2666,253,0.0115,6132,0.2781
1632,CHRNG84,84,35,22050,3232,0.1466,True,3188,0.1446,43,0.002,3231,0.1465
1633,CLAVE60,82,0,22050,390,0.0177,False,0,0.0,0,0.0,0,0.0
1634,CLAVI48,48,-6,22050,636,0.0288,True,467,0.0212,168,0.0076,635,0.0288
1635,CLAVI60,60,-6,22050,375,0.017,True,290,0.0132,84,0.0038,374,0.017
1636,CLAVI72,72,-6,22050,249,0.0113,True,206,0.0093,42,0.0019,248,0.0112
1637,CLAVI84,84,-6,22050,98,0.0044,True,76,0.0034,21,0.001,97,0.0044
1638,CLICK60,32,0,22050,67,0.003,False,0,0.0,0,0.0,0,0.0
1639,CLNGT48,48,4,22050,5025,0.2279,True,4686,0.2125,338,0.0153,5024,0.2278
1640,CLNGT60,60,-1,22050,3771,0.171,True,3433,0.1557,337,0.0153,3770,0.171
1641,CLNGT67,67,8,22050,3104,0.1408,True,2877,0.1305,226,0.0102,3103,0.1407
1642,CLNGT72,72,-1,22050,2351,0.1066,True,2013,0.0913,337,0.0153,2350,0.1066
1643,CLNGT84,83,-25,22050,2286,0.1037,True,2263,0.1026,22,0.001,2285,0.1036
1644,CONBH41,59,14,22050,516,0.0234,True,425,0.0193,90,0.0041,515,0.0234
1645,CONBL41,42,4,22050,1368,0.062,True,1128,0.0512,239,0.0108,1367,0.062
1646,CONBS28,29,-14,22050,2917,0.1323,True,2415,0.1095,501,0.0227,2916,0.1322
1647,COS__59,64,-50,22050,138,0.0063,True,48,0.0022,89,0.004,137,0.0062
1648,COS__76,70,-23,22050,51,0.0023,True,17,0.0008,33,0.0015,50,0.0023
1649,COWBL66,62,45,22050,2115,0.0959,False,0,0.0,0,0.0,0,0.0
1650,CPASS64,72,-1,22050,6514,0.2954,True,13,0.0006,6500,0.2948,6513,0.2954
1651,CRASH60B,63,-10,22050,8292,0.3761,True,2615,0.1186,5676,0.2574,8291,0.376
1652,CRASH65,80,0,22050,5984,0.2714,True,7,0.0003,5976,0.271,5983,0.2713
1653,CREAK64,85,0,22050,5179,0.2349,False,0,0.0,0,0.0,0,0.0
1654,CSTOP64,63,0,22050,2966,0.1345,True,15,0.0007,2950,0.1338,2965,0.1345
1655,C_ORG46A,46,-30,22050,2125,0.0964,True,1752,0.0795,372,0.0169,2124,0.0963
1656,C_ORG56A,56,-28,22050,1542,0.0699,True,914,0.0415,627,0.0284,1541,0.0699
1657,C_ORG66A,66,-25,22050,829,0.0376,True,593,0.0269,235,0.0107,828,0.0376
1658,C_ORG78A,78,-17,22050,1271,0.0576,True,1211,0.0549,59,0.0027,1270,0.0576
1659,C_ORG90A,90,-47,22050,794,0.036,True,764,0.0346,29,0.0013,793,0.036
1660,DELP160A,60,-8,22050,6934,0.3145,True,6178,0.2802,755,0.0342,6933,0.3144
1661,DELP184A,84,-6,22050,2218,0.1006,True,2112,0.0958,105,0.0048,2217,0.1005
1662,DELP278,66,-6,22050,5048,0.2289,True,1365,0.0619,3682,0.167,5047,0.2289
1663,DOCSL53,53,-4,22050,5466,0.2479,True,5339,0.2421,126,0.0057,5465,0.2478
1664,DOCSL77,77,-4,22050,3525,0.1599,True,3461,0.157,63,0.0029,3524,0.1598
1665,DOGBW60,71,20,22050,2072,0.094,False,0,0.0,0,0.0,0,0.0
1666,DORG190,66,-2,22050,4670,0.2118,True,903,0.041,3766,0.1708,4669,0.2117
1667,DSTGT48,36,-1,22050,3652,0.1656,True,3314,0.1503,337,0.0153,3651,0.1656
1668,DSTGT54,42,-10,22050,3282,0.1488,True,3044,0.138,237,0.0107,3281,0.1488
1669,DSTGT59,47,-6,22050,2270,0.1029,True,2091,0.0948,178,0.0081,2269,0.1029
1670,DSTGT64,52,-10,22050,1805,0.0819,True,1671,0.0758,133,0.006,1804,0.0818
1671,DSTGT71,59,-6,22050,940,0.0426,True,850,0.0385,89,0.004,939,0.0426
1672,DSTGT77,65,-4,22050,1126,0.0511,True,1062,0.0482,63,0.0029,1125,0.051
1673,DSTGT92,80,-36,22050,714,0.0324,True,661,0.03,52,0.0024,713,0.0323
1674,DSTGTA1,89,-32,22050,426,0.0193,True,394,0.0179,31,0.0014,425,0.0193
1675,DSTGTA9,97,10,22050,514,0.0233,True,503,0.0228,10,0.0005,513,0.0233
1676,DWCUT60,65,0,22050,518,0.0235,False,0,0.0,0,0.0,0,0.0
1677,EHORN53A,53,10,22050,943,0.0428,True,815,0.037,127,0.0058,942,0.0427
1678,EHORN61A,61,10,22050,903,0.041,True,822,0.0373,80,0.0036,902,0.0409
1679,EHORN70A,70,25,22050,665,0.0302,True,616,0.0279,48,0.0022,664,0.0301
1680,EHORN82A,82,25,22050,756,0.0343,True,731,0.0332,24,0.0011,755,0.0342
1681,ELESD60A,59,0,22050,2071,0.0939,False,0,0.0,0,0.0,0,0.0
1682,ELP1_49,49,10,22050,961,0.0436,True,800,0.0363,160,0.0073,960,0.0435
1683,ELP1_56,56,13,22050,839,0.038,True,731,0.0332,107,0.0049,838,0.038
1684,ELP1_67,67,-8,22050,418,0.019,True,361,0.0164,56,0.0025,417,0.0189
1685,ELP1_80,80,-3,22050,496,0.0225,True,442,0.02,53,0.0024,495,0.0224
1686,ELP1_97,97,10,22050,115,0.0052,True,104,0.0047,10,0.0005,114,0.0052
1687,ELP2_60,48,-6,22050,2004,0.0909,True,1835,0.0832,168,0.0076,2003,0.0908
1688,ELP2_68,56,-3,22050,1313,0.0595,True,1206,0.0547,106,0.0048,1312,0.0595
1689,ELP2_76,64,3,22050,965,0.0438,True,897,0.0407,67,0.003,964,0.0437
1690,ELP2_84,72,-6,22050,544,0.0247,True,501,0.0227,42,0.0019,543,0.0246
1691,ELP2_92,80,-3,22050,405,0.0184,True,351,0.0159,53,0.0024,404,0.0183
1692,ELP2_A0,88,-6,22050,354,0.0161,True,303,0.0137,50,0.0023,353,0.016
1693,ELP2_A8,96,3,22050,286,0.013,True,190,0.0086,95,0.0043,285,0.0129
1694,ENGIN64,76,33,22050,6948,0.3151,True,4726,0.2143,2221,0.1007,6947,0.3151
1695,EORG173,61,-12,22050,545,0.0247,True,465,0.0211,79,0.0036,544,0.0247
1696,EORG185,85,10,22050,277,0.0126,True,236,0.0107,40,0.0018,276,0.0125
1697,EORG197,97,10,22050,145,0.0066,True,124,0.0056,20,0.0009,144,0.0065
1698,EORG253,53,3,22050,3936,0.1785,True,3682,0.167,253,0.0115,3935,0.1785
1699,EORG268,68,13,22050,1771,0.0803,True,1663,0.0754,107,0.0049,1770,0.0803
1700,EORG286,86,-2,22050,1416,0.0642,True,1340,0.0608,75,0.0034,1415,0.0642
1701,EORG367,59,22,22050,3498,0.1586,True,1236,0.0561,2261,0.1025,3497,0.1586
1702,EORG379,83,-3,22050,3671,0.1665,True,1353,0.0614,2317,0.1051,3670,0.1664
1703,EORG391,95,-3,22050,3445,0.1562,True,1260,0.0571,2184,0.099,3444,0.1562
1704,FANTA53,53,4,22050,5466,0.2479,True,3820,0.1732,1645,0.0746,5465,0.2478
1705,FANTA81,81,-12,22050,3196,0.1449,True,2374,0.1077,821,0.0372,3195,0.1449
1706,FATSD60A,38,0,22050,4277,0.194,False,0,0.0,0,0.0,0,0.0
1707,FHORN60,60,2,22050,5779,0.2621,True,5356,0.2429,422,0.0191,5778,0.262
1708,FHORN72,72,1,22050,4085,0.1853,True,3831,0.1737,253,0.0115,4084,0.1852
1709,FLUTE65A,65,23,22050,1985,0.09,True,1920,0.0871,64,0.0029,1984,0.09
1710,FLUTE73A,73,10,22050,2029,0.092,True,1948,0.0883,80,0.0036,2028,0.092
1711,FLUTE79A,78,-47,22050,1823,0.0827,True,1793,0.0813,29,0.0013,1822,0.0826
1712,FLUTE88A,88,28,22050,1296,0.0588,True,1261,0.0572,34,0.0015,1295,0.0587
1713,FLUTE96A,95,-25,22050,1056,0.0479,True,1044,0.0473,11,0.0005,1055,0.0478
1714,FLUTEA5A,104,-36,22050,695,0.0315,True,681,0.0309,13,0.0006,694,0.0315
1715,FMVOX66A,66,-6,22050,3221,0.1461,True,844,0.0383,2376,0.1078,3220,0.146
1716,FMVOX86A,86,-5,22050,3268,0.1482,True,684,0.031,2583,0.1171,3267,0.1482
1717,FNTBL53C,64,3,22050,1630,0.0739,True,1428,0.0648,201,0.0091,1629,0.0739
1718,FRTLS36A,36,-1,22050,9646,0.4375,True,9308,0.4221,337,0.0153,9645,0.4374
1719,FRTLS48A,48,4,22050,5514,0.2501,True,5344,0.2424,169,0.0077,5513,0.25
1720,FRTLS60A,60,-6,22050,2581,0.1171,True,2496,0.1132,84,0.0038,2580,0.117
1721,GATSD60A,44,0,22050,6019,0.273,False,0,0.0,0,0.0,0,0.0
1722,GFRET69,69,0,22050,2488,0.1128,False,0,0.0,0,0.0,0,0.0
1723,GLKN285,61,-19,22050,445,0.0202,True,326,0.0148,118,0.0054,444,0.0201
1724,GLKN385,91,-8,22050,317,0.0144,True,232,0.0105,84,0.0038,316,0.0143
1725,GLKN585,102,-27,22050,170,0.0077,True,125,0.0057,44,0.002,169,0.0077
1726,GOBLN84A,60,3,22050,6268,0.2843,True,21,0.001,6246,0.2833,6267,0.2842
1727,HARMO68,56,-3,22050,109,0.0049,True,2,0.0001,106,0.0048,108,0.0049
1728,HARMO76,64,3,22050,69,0.0031,True,1,0.0,67,0.003,68,0.0031
1729,HARMO84,72,-6,22050,46,0.0021,True,3,0.0001,42,0.0019,45,0.002
1730,HARMO92,80,-3,22050,56,0.0025,True,2,0.0001,53,0.0024,55,0.0025
1731,HARMOA0,88,-6,22050,52,0.0024,True,1,0.0,50,0.0023,51,0.0023
1732,HARMOA8,96,-6,22050,23,0.001,True,1,0.0,21,0.001,22,0.001
1733,HARP_57A,57,0,22050,3842,0.1742,True,3340,0.1515,501,0.0227,3841,0.1742
1734,HARP_70A,70,-1,22050,3458,0.1568,True,2937,0.1332,520,0.0236,3457,0.1568
1735,HARP_83A,83,1,22050,2760,0.1252,True,2290,0.1039,469,0.0213,2759,0.1251
1736,HARP_96A,96,6,22050,2182,0.099,True,2033,0.0922,148,0.0067,2181,0.0989
1737,HBNGO60,62,80,22050,1342,0.0609,False,0,0.0,0,0.0,0,0.0
1738,HCLAP60,39,0,22050,2424,0.1099,False,0,0.0,0,0.0,0,0.0
1739,HEART64,95,45,22050,1448,0.0657,False,0,0.0,0,0.0,0,0.0
1740,HELI_60,62,22,22050,3886,0.1762,True,7,0.0003,3878,0.1759,3885,0.1762
1741,HI_Q_60,27,45,22050,641,0.0291,False,0,0.0,0,0.0,0,0.0
1742,HONKY42A,42,-10,22050,5996,0.2719,True,5284,0.2396,711,0.0322,5995,0.2719
1743,HONKY62B,62,-10,22050,2924,0.1326,True,2699,0.1224,224,0.0102,2923,0.1326
1744,HONKY71A,71,-6,22050,2938,0.1332,True,2848,0.1292,89,0.004,2937,0.1332
1745,HONKY84A,84,-6,22050,2607,0.1182,True,2585,0.1172,21,0.001,2606,0.1182
1746,HONKY96A,96,7,22050,2004,0.0909,True,1802,0.0817,201,0.0091,2003,0.0908
1747,HORSE64,75,-13,22050,3804,0.1725,True,6,0.0003,3797,0.1722,3803,0.1725
1748,HRMGT52,67,27,22050,856,0.0388,True,784,0.0356,71,0.0032,855,0.0388
1749,HRMGT76,82,26,22050,710,0.0322,True,691,0.0313,18,0.0008,709,0.0322
1750,HRPSI48A,48,0,22050,6687,0.3033,True,5506,0.2497,1180,0.0535,6686,0.3032
1751,HRPSI60A,60,-1,22050,5176,0.2347,True,4501,0.2041,674,0.0306,5175,0.2347
1752,HRPSI72A,72,-1,22050,4008,0.1818,True,3291,0.1493,716,0.0325,4007,0.1817
1753,HRPSI87A,87,0,22050,3666,0.1663,True,3169,0.1437,496,0.0225,3665,0.1662
1754,ICE__60A,67,-4,22050,4754,0.2156,True,2901,0.1316,1852,0.084,4753,0.2156
1755,ICE__84A,91,1,22050,3898,0.1768,True,2237,0.1015,1660,0.0753,3897,0.1767
1756,JAZGT50A,50,0,22050,6485,0.2941,True,4982,0.2259,1502,0.0681,6484,0.2941
1757,JAZGT59A,59,0,22050,6394,0.29,True,4518,0.2049,1875,0.085,6393,0.2899
1758,JAZGT68A,68,-1,22050,5460,0.2476,True,4663,0.2115,796,0.0361,5459,0.2476
1759,JAZGT74A,74,1,22050,4422,0.2005,True,3895,0.1766,526,0.0239,4421,0.2005
1760,JAZGT84A,84,2,22050,4989,0.2263,True,4102,0.186,886,0.0402,4988,0.2262
1761,JAZGT93A,93,1,22050,3560,0.1615,True,2882,0.1307,677,0.0307,3559,0.1614
1762,JAZGTA1A,101,0,22050,2491,0.113,True,1843,0.0836,647,0.0293,2490,0.1129
1763,JBELL60,85,0,22050,5558,0.2521,False,0,0.0,0,0.0,0,0.0
1764,KEY__60,60,0,22050,141,0.0064,False,0,0.0,0,0.0,0,0.0
1765,KICK264,34,-50,22050,1035,0.0469,False,0,0.0,0,0.0,0,0.0
1766,KLMBA70,58,25,22050,1495,0.0678,True,1446,0.0656,48,0.0022,1494,0.0678
1767,KOTO_57,59,-25,22050,1844,0.0836,True,1755,0.0796,88,0.004,1843,0.0836
1768,KOTO_80,80,-36,22050,1349,0.0612,True,1322,0.06,26,0.0012,1348,0.0611
1769,KOTO_A2A,103,-8,22050,227,0.0103,True,212,0.0096,14,0.0006,226,0.0102
1770,LASER64A,71,0,22050,5394,0.2446,False,0,0.0,0,0.0,0,0.0
1771,LAUGH59A,64,0,22050,17434,0.7907,False,0,0.0,0,0.0,0,0.0
1772,LBNGO60,61,-30,22050,2281,0.1034,False,0,0.0,0,0.0,0,0.0
1773,LGUIR60,79,0,22050,4377,0.1985,False,0,0.0,0,0.0,0,0.0
1774,LWHSL60A,72,0,22050,7814,0.3544,False,0,0.0,0,0.0,0,0.0
1775,MARCS60,70,0,22050,1167,0.0529,False,0,0.0,0,0.0,0,0.0
1776,MCNGA60,64,-20,22050,635,0.0288,False,0,0.0,0,0.0,0,0.0
1777,MCUIC60,88,45,22050,2030,0.0921,False,0,0.0,0,0.0,0,0.0
1778,METRO60,34,2,22050,880,0.0399,True,750,0.034,129,0.0059,879,0.0399
1779,MGSQR45,45,5,22050,217,0.0098,True,15,0.0007,201,0.0091,216,0.0098
1780,MGSQR57,56,-3,22050,121,0.0055,True,14,0.0006,106,0.0048,120,0.0054
1781,MGSQR69,68,-3,22050,68,0.0031,True,14,0.0006,53,0.0024,67,0.003
1782,MGSQR81,80,29,22050,45,0.002,True,17,0.0008,27,0.0012,44,0.002
1783,MGSQR93,91,-8,22050,30,0.0014,True,15,0.0007,14,0.0006,29,0.0013
1784,MMBAS40,56,-3,22050,2824,0.1281,True,2717,0.1232,106,0.0048,2823,0.128
1785,MMBAS43,59,-6,22050,2562,0.1162,True,2472,0.1121,89,0.004,2561,0.1161
1786,MMBAS62,76,3,22050,1132,0.0513,True,997,0.0452,134,0.0061,1131,0.0513
1787,MONDO60,42,0,22050,2005,0.0909,False,0,0.0,0,0.0,0,0.0
1788,MRMBA50,54,-6,22050,1912,0.0867,True,1317,0.0597,594,0.0269,1911,0.0867
1789,MRMBA62,62,-25,22050,1603,0.0727,True,1528,0.0693,74,0.0034,1602,0.0727
1790,MRMBA90,90,12,22050,315,0.0143,True,299,0.0136,15,0.0007,314,0.0142
1791,MUTGT43,43,0,22050,1410,0.0639,True,1184,0.0537,225,0.0102,1409,0.0639
1792,MUTGT64,64,3,22050,1075,0.0488,True,1007,0.0457,67,0.003,1074,0.0487
1793,MUTGT81,81,-4,22050,511,0.0232,True,485,0.022,25,0.0011,510,0.0231
1794,MUTTP64B,64,3,22050,4183,0.1897,True,4115,0.1866,67,0.003,4182,0.1897
1795,MUTTP73B,73,10,22050,3503,0.1589,True,3422,0.1552,80,0.0036,3502,0.1588
1796,MUTTP79B,79,8,22050,3368,0.1527,True,3254,0.1476,113,0.0051,3367,0.1527
1797,MUTTP86B,86,21,22050,2874,0.1303,True,2835,0.1286,38,0.0017,2873,0.1303
1798,M_BOX82,58,1,22050,797,0.0361,True,583,0.0264,213,0.0097,796,0.0361
1799,M_GUN64,71,0,22050,842,0.0382,True,7,0.0003,834,0.0378,841,0.0381
1800,NYLON48A,48,-1,22050,4472,0.2028,True,3460,0.1569,1011,0.0459,4471,0.2028
1801,NYLON57A,57,2,22050,4168,0.189,True,3565,0.1617,602,0.0273,4167,0.189
1802,NYLON70A,70,-1,22050,3341,0.1515,True,2820,0.1279,520,0.0236,3340,0.1515
1803,NYLON79A,79,8,22050,2901,0.1316,True,2787,0.1264,113,0.0051,2900,0.1315
1804,NYLON88A,88,8,22050,1812,0.0822,True,1727,0.0783,84,0.0038,1811,0.0821
1805,NYLON97A,97,10,22050,1089,0.0494,True,1008,0.0457,80,0.0036,1088,0.0493
1806,NYLONA5A,104,-36,22050,3322,0.1507,True,3308,0.15,13,0.0006,3321,0.1506
1807,OBOE_61A,61,10,22050,2246,0.1019,True,2165,0.0982,80,0.0036,2245,0.1018
1808,OBOE_69A,69,30,22050,1631,0.074,True,1579,0.0716,51,0.0023,1630,0.0739
1809,OBOE_77A,77,23,22050,1612,0.0731,True,1579,0.0716,32,0.0015,1611,0.0731
1810,OBOE_81,81,-4,22050,227,0.0103,True,201,0.0091,25,0.0011,226,0.0102
1811,OBOE_85A,85,10,22050,906,0.0411,True,825,0.0374,80,0.0036,905,0.041
1812,OCARI72A,60,35,22050,3125,0.1417,True,3081,0.1397,43,0.002,3124,0.1417
1813,OCARI84A,83,-25,22050,2604,0.1181,True,2581,0.1171,22,0.001,2603,0.118
1814,OCARI96A,95,-25,22050,2892,0.1312,True,2880,0.1306,11,0.0005,2891,0.1311
1815,OCNGA60,65,0,22050,2787,0.1264,False,0,0.0,0,0.0,0,0.0
1816,OCUIC60,89,0,22050,2475,0.1122,False,0,0.0,0,0.0,0,0.0
1817,OHH__60B,45,5,22050,9570,0.434,True,5808,0.2634,3761,0.1706,9569,0.434
1818,OVDRV44,32,-3,22050,4760,0.2159,True,4335,0.1966,424,0.0192,4759,0.2158
1819,OVDRV49,37,-1,22050,3904,0.1771,True,3585,0.1626,318,0.0144,3903,0.177
1820,OVDRV60,48,4,22050,2603,0.118,True,2433,0.1103,169,0.0077,2602,0.118
1821,OVDRV60A,60,4,22050,4360,0.1977,True,4190,0.19,169,0.0077,4359,0.1977
1822,OVDRV70,59,-25,22050,1302,0.059,True,1213,0.055,88,0.004,1301,0.059
1823,OVDRV73,61,10,22050,1334,0.0605,True,1253,0.0568,80,0.0036,1333,0.0605
1824,OVDRV77,65,-4,22050,931,0.0422,True,867,0.0393,63,0.0029,930,0.0422
1825,OVDRV89,77,-32,22050,675,0.0306,True,643,0.0292,31,0.0014,674,0.0306
1826,OVDRV96,84,-6,22050,400,0.0181,True,378,0.0171,21,0.001,399,0.0181
1827,OVDRVA6,94,-4,22050,351,0.0159,True,291,0.0132,59,0.0027,350,0.0159
1828,O_HIT68,68,-3,22050,15392,0.698,True,13377,0.6067,2014,0.0913,15391,0.698
1829,PANNS84,84,-6,22050,1783,0.0809,True,942,0.0427,840,0.0381,1782,0.0808
1830,PANNS96,96,-6,22050,884,0.0401,True,484,0.022,399,0.0181,883,0.04
1831,PCKBS30A,30,4,22050,7171,0.3252,True,6692,0.3035,478,0.0217,7170,0.3252
1832,PCKBS40A,40,-4,22050,6837,0.3101,True,6302,0.2858,534,0.0242,6836,0.31
1833,PCKBS50A,50,4,22050,3699,0.1678,True,3397,0.1541,301,0.0137,3698,0.1677
1834,PIANO36,36,-4,22050,13672,0.62,True,11989,0.5437,1682,0.0763,13671,0.62
1835,PIANO41,41,-1,22050,13103,0.5942,True,10830,0.4912,2272,0.103,13102,0.5942
1836,PIANO48,48,0,22050,11168,0.5065,True,9313,0.4224,1854,0.0841,11167,0.5064
1837,PIANO56,56,0,22050,9797,0.4443,True,8309,0.3768,1487,0.0674,9796,0.4443
1838,PIANO64,64,1,22050,10516,0.4769,True,9176,0.4161,1339,0.0607,10515,0.4769
1839,PIANO73,73,1,22050,7588,0.3441,True,6194,0.2809,1393,0.0632,7587,0.3441
1840,PIANO78,78,-1,22050,7669,0.3478,True,6447,0.2924,1221,0.0554,7668,0.3478
1841,PIANO84,84,-2,22050,7345,0.3331,True,5976,0.271,1368,0.062,7344,0.3331
1842,PIANO92,92,1,22050,6442,0.2922,True,5392,0.2445,1049,0.0476,6441,0.2921
1843,PIANOA3,103,3,22050,4842,0.2196,True,4686,0.2125,155,0.007,4841,0.2195
1844,PICLO79,67,-49,22050,1198,0.0543,True,1115,0.0506,82,0.0037,1197,0.0543
1845,PICLO84,84,-6,22050,690,0.0313,True,668,0.0303,21,0.001,689,0.0312
1846,PICLO98,97,10,22050,368,0.0167,True,357,0.0162,10,0.0005,367,0.0166
1847,PISTL60,78,0,22050,4122,0.1869,False,0,0.0,0,0.0,0,0.0
1848,PIZZH84,96,1,22050,687,0.0312,True,549,0.0249,137,0.0062,686,0.0311
1849,PIZZ_71,59,-17,22050,2472,0.1121,True,2073,0.094,398,0.018,2471,0.1121
1850,PNFLT72,61,46,22050,3846,0.1744,True,1680,0.0762,2165,0.0982,3845,0.1744
1851,POLY_48A,48,4,22050,6520,0.2957,True,6350,0.288,169,0.0077,6519,0.2956
1852,POLY_60A,60,-6,22050,5798,0.2629,True,5713,0.2591,84,0.0038,5797,0.2629
1853,POLY_72A,72,35,22050,4802,0.2178,True,4758,0.2158,43,0.002,4801,0.2177
1854,POLY_84A,83,-25,22050,4686,0.2125,True,4663,0.2115,22,0.001,4685,0.2125
1855,POLY_96A,95,-25,22050,3548,0.1609,True,3536,0.1604,11,0.0005,3547,0.1609
1856,POPVX64A,58,48,22050,2669,0.121,True,918,0.0416,1750,0.0794,2668,0.121
1857,POPVX71A,79,4,22050,3261,0.1479,True,1315,0.0596,1945,0.0882,3260,0.1478
1858,POPVX74A,90,21,22050,3273,0.1484,True,1445,0.0655,1827,0.0829,3272,0.1484
1859,PUNCH64,77,0,22050,3109,0.141,False,0,0.0,0,0.0,0,0.0
1860,RDBEL64B,59,-4,22050,8937,0.4053,True,4976,0.2257,3960,0.1796,8936,0.4053
1861,RDCYM60B,50,2,22050,9027,0.4094,True,4913,0.2228,4113,0.1865,9026,0.4093
1862,RECDR66A,66,-4,22050,995,0.0451,True,934,0.0424,60,0.0027,994,0.0451
1863,RECDR75A,75,11,22050,1071,0.0486,True,1034,0.0469,36,0.0016,1070,0.0485
1864,RECDR83A,83,36,22050,757,0.0343,True,733,0.0332,23,0.001,756,0.0343
1865,RECDR93A,93,48,22050,323,0.0146,True,309,0.014,13,0.0006,322,0.0146
1866,RECDRA3A,101,8,22050,207,0.0094,True,190,0.0086,16,0.0007,206,0.0093
1867,R_ORG53,53,10,22050,296,0.0134,True,41,0.0019,254,0.0115,295,0.0134
1868,R_ORG72,72,35,22050,56,0.0025,True,12,0.0005,43,0.002,55,0.0025
1869,R_ORG88,88,-6,22050,101,0.0046,True,50,0.0023,50,0.0023,100,0.0045
1870,SANTR74,62,-13,22050,1523,0.0691,True,1112,0.0504,410,0.0186,1522,0.069
1871,SAW0_48,48,3,22050,15244,0.6913,True,5111,0.2318,10132,0.4595,15243,0.6913
1872,SAW0_60,60,1,22050,10312,0.4677,True,4408,0.1999,5903,0.2677,10311,0.4676
1873,SAW0_72,72,5,22050,10020,0.4544,True,3892,0.1765,6127,0.2779,10019,0.4544
1874,SAW__40,40,-17,22050,531,0.0241,True,265,0.012,265,0.012,530,0.024
1875,SAW__52,52,-23,22050,265,0.012,True,132,0.006,132,0.006,264,0.012
1876,SAW__64,64,-23,22050,133,0.006,True,66,0.003,66,0.003,132,0.006
1877,SAW__76,76,-23,22050,67,0.003,True,33,0.0015,33,0.0015,66,0.003
1878,SAW__88,88,28,22050,35,0.0016,True,17,0.0008,17,0.0008,34,0.0015
1879,SAW__A0A,101,23,22050,25,0.0011,True,8,0.0004,16,0.0007,24,0.0011
1880,SAW__A7A,106,25,22050,19,0.0009,True,6,0.0003,12,0.0005,18,0.0008
1881,SAW__B2A,113,23,22050,17,0.0008,True,4,0.0002,12,0.0005,16,0.0007
1882,SAW__B9B,118,25,22050,16,0.0007,True,3,0.0001,12,0.0005,15,0.0007
1883,SBRS148A,48,0,22050,8000,0.3628,True,5639,0.2557,2360,0.107,7999,0.3628
1884,SBRS160A,60,0,22050,6021,0.2731,True,3829,0.1737,2191,0.0994,6020,0.273
1885,SBRS172A,72,0,22050,6002,0.2722,True,4020,0.1823,1981,0.0898,6001,0.2722
1886,SBRS184A,84,0,22050,4040,0.1832,True,2775,0.1259,1264,0.0573,4039,0.1832
1887,SBRS196A,95,-25,22050,3035,0.1376,True,3023,0.1371,11,0.0005,3034,0.1376
1888,SBRS243,43,0,22050,9510,0.4313,True,8834,0.4006,675,0.0306,9509,0.4312
1889,SBRS255,55,3,22050,5756,0.261,True,5417,0.2457,338,0.0153,5755,0.261
1890,SBRS272,72,35,22050,3538,0.1605,True,3494,0.1585,43,0.002,3537,0.1604
1891,SBRS296,95,-25,22050,2429,0.1102,True,2406,0.1091,22,0.001,2428,0.1101
1892,SCRCH64,67,0,22050,6475,0.2937,False,0,0.0,0,0.0,0,0.0
1893,SCREM64A,71,12,22050,9033,0.4097,False,0,0.0,0,0.0,0,0.0
1894,SDOOR64,75,0,22050,4047,0.1835,False,0,0.0,0,0.0,0,0.0
1895,SDOOR64,33429,32383,22050,0,0.0,True,1802401652,81741.5715,2189458292,99295.1606,3991859944,181036.7322
